Organism Group,Name,Name Link,Taxonomy Link,Growth Media Links,External Links
Bacterium,Heyndrickxia coagulans DSM 1,/strains/view/DSM 1,/taxonomy?level=species&item=Weizmannia coagulans,"['/medium/453', '/medium/1', '/medium/J22']","['https://www.dsmz.de/collection/catalogue/details/culture/DSM-1', 'https://bacdive.dsmz.de/strain/654']"
Bacterium,Paenibacillus macquariensis subsp. macquariensis DSM 2,/strains/view/DSM 2,/taxonomy?level=species&item=Paenibacillus macquariensis,['/medium/1'],"['https://www.dsmz.de/collection/catalogue/details/culture/DSM-2', 'https://bacdive.dsmz.de/strain/11477']"
Bacterium,Sporosarcina psychrophila DSM 3,/strains/view/DSM 3,/taxonomy?level=species&item=Sporosarcina psychrophila,"['/medium/1', '/medium/J22']","['https://www.dsmz.de/collection/catalogue/details/culture/DSM-3', 'https://bacdive.dsmz.de/strain/11984']"
Bacterium,Sporosarcina globispora DSM 4,/strains/view/DSM 4,/taxonomy?level=species&item=Sporosarcina globispora,"['/medium/514', '/medium/J22']","['https://www.dsmz.de/collection/catalogue/details/culture/DSM-4', 'https://bacdive.dsmz.de/strain/11976']"
Bacterium,Psychrobacillus insolitus DSM 5,/strains/view/DSM 5,/taxonomy?level=species&item=Psychrobacillus insolitus,['/medium/123'],"['https://www.dsmz.de/collection/catalogue/details/culture/DSM-5', 'https://bacdive.dsmz.de/strain/1565']"
Bacterium,Peribacillus psychrosaccharolyticus DSM 6,/strains/view/DSM 6,/taxonomy?level=species&item=Peribacillus psychrosaccharolyticus,"['/medium/1', '/medium/514']","['https://www.dsmz.de/collection/catalogue/details/culture/DSM-6', 'https://bacdive.dsmz.de/strain/748']"
Bacterium,Bacillus amyloliquefaciens DSM 7,/strains/view/DSM 7,/taxonomy?level=species&item=Bacillus amyloliquefaciens,['/medium/1'],"['https://www.dsmz.de/collection/catalogue/details/culture/DSM-7', 'https://bacdive.dsmz.de/strain/598']"
Bacterium,Lederbergia lenta DSM 9,/strains/view/DSM 9,/taxonomy?level=species&item=Lederbergia lenta,"['/medium/220?strain=8', '/medium/J22']","['https://www.dsmz.de/collection/catalogue/details/culture/DSM-9', 'https://bacdive.dsmz.de/strain/683']"
Bacterium,Bacillus subtilis DSM 10,/strains/view/DSM 10,/taxonomy?level=species&item=Bacillus subtilis,"['/medium/1', '/medium/J22']","['https://www.dsmz.de/collection/catalogue/details/culture/DSM-10', 'https://bacdive.dsmz.de/strain/1172']"
Bacterium,Niallia circulans DSM 11,/strains/view/DSM 11,/taxonomy?level=species&item=Niallia circulans,"['/medium/1', '/medium/220', '/medium/J22']","['https://www.dsmz.de/collection/catalogue/details/culture/DSM-11', 'https://bacdive.dsmz.de/strain/642']"
Bacterium,Cytobacillus firmus DSM 12,/strains/view/DSM 12,/taxonomy?level=species&item=Cytobacillus firmus,"['/medium/1?strain=11', '/medium/J22']","['https://www.dsmz.de/collection/catalogue/details/culture/DSM-12', 'https://bacdive.dsmz.de/strain/675']"
Bacterium,Bacillus licheniformis DSM 13,/strains/view/DSM 13,/taxonomy?level=species&item=Bacillus licheniformis,"['/medium/1', '/medium/J22']","['https://www.dsmz.de/collection/catalogue/details/culture/DSM-13', 'https://bacdive.dsmz.de/strain/689']"
Bacterium,Bacillus sp. DSM 14,/strains/view/DSM 14,/taxonomy?level=species&item=Bacillus sp.,['/medium/1'],"['https://www.dsmz.de/collection/catalogue/details/culture/DSM-14', 'https://bacdive.dsmz.de/strain/865']"
Bacterium,Bacillus licheniformis DSM 15,/strains/view/DSM 15,/taxonomy?level=species&item=Bacillus licheniformis,['/medium/1'],"['https://www.dsmz.de/collection/catalogue/details/culture/DSM-15', 'https://bacdive.dsmz.de/strain/690']"
Bacterium,Geobacillus stearothermophilus DSM 22,/strains/view/DSM 22,/taxonomy?level=species&item=Geobacillus stearothermophilus,"['/medium/220', '/medium/J22']","['https://www.dsmz.de/collection/catalogue/details/culture/DSM-22', 'https://bacdive.dsmz.de/strain/1419']"
Bacterium,Bacillus badius DSM 23,/strains/view/DSM 23,/taxonomy?level=species&item=Bacillus badius,"['/medium/1', '/medium/J22']","['https://www.dsmz.de/collection/catalogue/details/culture/DSM-23', 'https://bacdive.dsmz.de/strain/602']"
Bacterium,Paenibacillus macerans DSM 24,/strains/view/DSM 24,/taxonomy?level=species&item=Paenibacillus macerans,"['/medium/1', '/medium/J22', '/medium/J75']","['https://www.dsmz.de/collection/catalogue/details/culture/DSM-24', 'https://bacdive.dsmz.de/strain/11475']"
Bacterium,Brevibacillus laterosporus DSM 25,/strains/view/DSM 25,/taxonomy?level=species&item=Brevibacillus laterosporus,"['/medium/1', '/medium/J22']","['https://www.dsmz.de/collection/catalogue/details/culture/DSM-25', 'https://bacdive.dsmz.de/strain/11407']"
Bacterium,Virgibacillus pantothenticus DSM 26,/strains/view/DSM 26,/taxonomy?level=species&item=Virgibacillus pantothenticus,"['/medium/1', '/medium/J75']","['https://www.dsmz.de/collection/catalogue/details/culture/DSM-26', 'https://bacdive.dsmz.de/strain/1474']"
Bacterium,Bacillus pumilus DSM 27,/strains/view/DSM 27,/taxonomy?level=species&item=Bacillus pumilus,"['/medium/1', '/medium/J22']","['https://www.dsmz.de/collection/catalogue/details/culture/DSM-27', 'https://bacdive.dsmz.de/strain/756']"
Bacterium,Lysinibacillus sphaericus DSM 28,/strains/view/DSM 28,/taxonomy?level=species&item=Lysinibacillus sphaericus,"['/medium/1', '/medium/J22']","['https://www.dsmz.de/collection/catalogue/details/culture/DSM-28', 'https://bacdive.dsmz.de/strain/1532']"
Bacterium,Paenibacillus alvei DSM 29,/strains/view/DSM 29,/taxonomy?level=species&item=Paenibacillus alvei,"['/medium/1', '/medium/J75']","['https://www.dsmz.de/collection/catalogue/details/culture/DSM-29', 'https://bacdive.dsmz.de/strain/11461']"
Bacterium,Brevibacillus brevis DSM 30,/strains/view/DSM 30,/taxonomy?level=species&item=Brevibacillus brevis,"['/medium/1', '/medium/J22']","['https://www.dsmz.de/collection/catalogue/details/culture/DSM-30', 'https://bacdive.dsmz.de/strain/11402']"
Bacterium,Bacillus cereus DSM 31,/strains/view/DSM 31,/taxonomy?level=species&item=Bacillus cereus,"['/medium/1', '/medium/693', '/medium/J22', '/medium/92']","['https://www.dsmz.de/collection/catalogue/details/culture/DSM-31', 'https://bacdive.dsmz.de/strain/624']"
Bacterium,Priestia megaterium DSM 32,/strains/view/DSM 32,/taxonomy?level=species&item=Priestia megaterium,"['/medium/1', '/medium/J22']","['https://www.dsmz.de/collection/catalogue/details/culture/DSM-32', 'https://bacdive.dsmz.de/strain/733']"
Bacterium,Sporosarcina pasteurii DSM 33,/strains/view/DSM 33,/taxonomy?level=species&item=Sporosarcina pasteurii,['/medium/220?strain=26'],"['https://www.dsmz.de/collection/catalogue/details/culture/DSM-33', 'https://bacdive.dsmz.de/strain/11981']"
Bacterium,Paenibacillus sp. DSM 34,/strains/view/DSM 34,/taxonomy?level=species&item=Paenibacillus sp.,['/medium/1'],"['https://www.dsmz.de/collection/catalogue/details/culture/DSM-34', 'https://bacdive.dsmz.de/strain/11528']"
Bacterium,Paenibacillus polymyxa DSM 36,/strains/view/DSM 36,/taxonomy?level=species&item=Paenibacillus polymyxa,"['/medium/1', '/medium/J22']","['https://www.dsmz.de/collection/catalogue/details/culture/DSM-36', 'https://bacdive.dsmz.de/strain/11487']"
Bacterium,Comamonas testosteroni DSM 38,/strains/view/DSM 38,/taxonomy?level=species&item=Comamonas testosteroni,"['/medium/1a', '/medium/J22']","['https://www.dsmz.de/collection/catalogue/details/culture/DSM-38', 'https://bacdive.dsmz.de/strain/2912']"
Bacterium,Delftia acidovorans DSM 39,/strains/view/DSM 39,/taxonomy?level=species&item=Delftia acidovorans,"['/medium/1a', '/medium/J12', '/medium/J22']","['https://www.dsmz.de/collection/catalogue/details/culture/DSM-39', 'https://bacdive.dsmz.de/strain/2941']"
Bacterium,Agromyces mediolanus DSM 40,/strains/view/DSM 40,/taxonomy?level=species&item=Agromyces mediolanus,"['/medium/1', '/medium/J26']","['https://www.dsmz.de/collection/catalogue/details/culture/DSM-40', 'https://bacdive.dsmz.de/strain/7264']"
Bacterium,Acidovorax facilis DSM 41,/strains/view/DSM 41,/taxonomy?level=species&item=Acidovorax facilis,['/medium/1'],"['https://www.dsmz.de/collection/catalogue/details/culture/DSM-41', 'https://bacdive.dsmz.de/strain/2890']"
Bacterium,Serratia marcescens DSM 48,/strains/view/DSM 48,/taxonomy?level=species&item=Serratia marcescens,"['/medium/1', '/medium/92', '/medium/693']","['https://www.dsmz.de/collection/catalogue/details/culture/DSM-48', 'https://bacdive.dsmz.de/strain/5138']"
Bacterium,Serratia plymuthica DSM 49,/strains/view/DSM 49,/taxonomy?level=species&item=Serratia plymuthica,['/medium/1'],"['https://www.dsmz.de/collection/catalogue/details/culture/DSM-49', 'https://bacdive.dsmz.de/strain/5152']"
Bacterium,Clostridium beijerinckii DSM 51,/strains/view/DSM 51,/taxonomy?level=species&item=Clostridium beijerinckii,['/medium/48'],"['https://www.dsmz.de/collection/catalogue/details/culture/DSM-51', 'https://bacdive.dsmz.de/strain/2551']"
Bacterium,Clostridium beijerinckii DSM 53,/strains/view/DSM 53,/taxonomy?level=species&item=Clostridium beijerinckii,"['/medium/104c', '/medium/110a', '/medium/54b', '/medium/J14', '/medium/J84']","['https://www.dsmz.de/collection/catalogue/details/culture/DSM-53', 'https://bacdive.dsmz.de/strain/2552']"
Bacterium,Lysinibacillus macroides DSM 54,/strains/view/DSM 54,/taxonomy?level=species&item=Lysinibacillus macroides,"['/medium/1', '/medium/J75']","['https://www.dsmz.de/collection/catalogue/details/culture/DSM-54', 'https://bacdive.dsmz.de/strain/1542']"
Bacterium,Hydrogenophaga palleronii DSM 63,/strains/view/DSM 63,/taxonomy?level=species&item=Hydrogenophaga palleronii,"['/medium/1', '/medium/81', '/medium/J22']","['https://www.dsmz.de/collection/catalogue/details/culture/DSM-63', 'https://bacdive.dsmz.de/strain/2965']"
Bacterium,Acidovorax delafieldii DSM 64,/strains/view/DSM 64,/taxonomy?level=species&item=Acidovorax delafieldii,"['/medium/830', '/medium/1a']","['https://www.dsmz.de/collection/catalogue/details/culture/DSM-64', 'https://bacdive.dsmz.de/strain/2885']"
Bacterium,Paracoccus pantotrophus DSM 65,/strains/view/DSM 65,/taxonomy?level=species&item=Paracoccus denitrificans,"['/medium/1', '/medium/81']","['https://www.dsmz.de/collection/catalogue/details/culture/DSM-65', 'https://bacdive.dsmz.de/strain/13707']"
Bacterium,Aquaspirillum serpens DSM 68,/strains/view/DSM 68,/taxonomy?level=species&item=Aquaspirillum serpens,"['/medium/7', '/medium/37', '/medium/J22']","['https://www.dsmz.de/collection/catalogue/details/culture/DSM-68', 'https://bacdive.dsmz.de/strain/10435']"
Bacterium,Nannocystis exedens DSM 71,/strains/view/DSM 71,/taxonomy?level=species&item=Nannocystis exedens,['/medium/9'],"['https://www.dsmz.de/collection/catalogue/details/culture/DSM-71', 'https://bacdive.dsmz.de/strain/10177']"
Bacterium,Metabacillus fastidiosus DSM 72,/strains/view/DSM 72,/taxonomy?level=species&item=Metabacillus fastidiosus,['/medium/6'],"['https://www.dsmz.de/collection/catalogue/details/culture/DSM-72', 'https://bacdive.dsmz.de/strain/665']"
Bacterium,Metabacillus fastidiosus DSM 73,/strains/view/DSM 73,/taxonomy?level=species&item=Metabacillus fastidiosus,['/medium/6'],"['https://www.dsmz.de/collection/catalogue/details/culture/DSM-73', 'https://bacdive.dsmz.de/strain/666']"
Bacterium,Spirosoma linguale DSM 74,/strains/view/DSM 74,/taxonomy?level=species&item=Spirosoma linguale,['/medium/7'],"['https://www.dsmz.de/collection/catalogue/details/culture/DSM-74', 'https://bacdive.dsmz.de/strain/3819']"
Bacterium,Spirosoma linguale DSM 75,/strains/view/DSM 75,/taxonomy?level=species&item=Spirosoma linguale,['/medium/7'],"['https://www.dsmz.de/collection/catalogue/details/culture/DSM-75', 'https://bacdive.dsmz.de/strain/3820']"
Bacterium,Metabacillus fastidiosus DSM 76,/strains/view/DSM 76,/taxonomy?level=species&item=Metabacillus fastidiosus,['/medium/6'],"['https://www.dsmz.de/collection/catalogue/details/culture/DSM-76', 'https://bacdive.dsmz.de/strain/667']"
Bacterium,Metabacillus fastidiosus DSM 77,/strains/view/DSM 77,/taxonomy?level=species&item=Metabacillus fastidiosus,['/medium/6'],"['https://www.dsmz.de/collection/catalogue/details/culture/DSM-77', 'https://bacdive.dsmz.de/strain/668']"
Bacterium,Metabacillus fastidiosus DSM 78,/strains/view/DSM 78,/taxonomy?level=species&item=Metabacillus fastidiosus,['/medium/6'],"['https://www.dsmz.de/collection/catalogue/details/culture/DSM-78', 'https://bacdive.dsmz.de/strain/669']"
Bacterium,Metabacillus fastidiosus DSM 82,/strains/view/DSM 82,/taxonomy?level=species&item=Metabacillus fastidiosus,['/medium/6'],"['https://www.dsmz.de/collection/catalogue/details/culture/DSM-82', 'https://bacdive.dsmz.de/strain/670']"
Bacterium,Metabacillus fastidiosus DSM 83,/strains/view/DSM 83,/taxonomy?level=species&item=Metabacillus fastidiosus,['/medium/6'],"['https://www.dsmz.de/collection/catalogue/details/culture/DSM-83', 'https://bacdive.dsmz.de/strain/671']"
Bacterium,Pseudomonas putida DSM 84,/strains/view/DSM 84,/taxonomy?level=species&item=Pseudomonas putida,['/medium/1a'],"['https://www.dsmz.de/collection/catalogue/details/culture/DSM-84', 'https://bacdive.dsmz.de/strain/12895']"
Bacterium,Azotobacter vinelandii DSM 85,/strains/view/DSM 85,/taxonomy?level=species&item=Azotobacter vinelandii,"['/medium/3', '/medium/441']","['https://www.dsmz.de/collection/catalogue/details/culture/DSM-85', 'https://bacdive.dsmz.de/strain/12751']"
Bacterium,Azotobacter vinelandii DSM 86,/strains/view/DSM 86,/taxonomy?level=species&item=Azotobacter vinelandii,"['/medium/3', '/medium/441']","['https://www.dsmz.de/collection/catalogue/details/culture/DSM-86', 'https://bacdive.dsmz.de/strain/12752']"
Bacterium,Azotobacter vinelandii DSM 87,/strains/view/DSM 87,/taxonomy?level=species&item=Azotobacter vinelandii,"['/medium/3', '/medium/441']","['https://www.dsmz.de/collection/catalogue/details/culture/DSM-87', 'https://bacdive.dsmz.de/strain/12753']"
Bacterium,Azorhizophilus paspali DSM 88,/strains/view/DSM 88,/taxonomy?level=species&item=Azorhizophilus paspali,"['/medium/3', '/medium/441']","['https://www.dsmz.de/collection/catalogue/details/culture/DSM-88', 'https://bacdive.dsmz.de/strain/12708']"
Bacterium,Azomonas agilis DSM 89,/strains/view/DSM 89,/taxonomy?level=species&item=Azomonas agilis,"['/medium/3', '/medium/441']","['https://www.dsmz.de/collection/catalogue/details/culture/DSM-89', 'https://bacdive.dsmz.de/strain/12718']"
Bacterium,Priestia megaterium DSM 90,/strains/view/DSM 90,/taxonomy?level=species&item=Priestia megaterium,['/medium/1'],"['https://www.dsmz.de/collection/catalogue/details/culture/DSM-90', 'https://bacdive.dsmz.de/strain/734']"
Bacterium,Metabacillus fastidiosus DSM 91,/strains/view/DSM 91,/taxonomy?level=species&item=Metabacillus fastidiosus,['/medium/6'],"['https://www.dsmz.de/collection/catalogue/details/culture/DSM-91', 'https://bacdive.dsmz.de/strain/672']"
Bacterium,Clostridium formicaceticum DSM 92,/strains/view/DSM 92,/taxonomy?level=species&item=Clostridium formicaceticum,['/medium/14'],"['https://www.dsmz.de/collection/catalogue/details/culture/DSM-92', 'https://bacdive.dsmz.de/strain/2587']"
Bacterium,Clostridium formicaceticum DSM 94,/strains/view/DSM 94,/taxonomy?level=species&item=Clostridium formicaceticum,['/medium/14'],"['https://www.dsmz.de/collection/catalogue/details/culture/DSM-94', 'https://bacdive.dsmz.de/strain/2589']"
Bacterium,Clostridium formicaceticum DSM 95,/strains/view/DSM 95,/taxonomy?level=species&item=Clostridium formicaceticum,['/medium/14'],"['https://www.dsmz.de/collection/catalogue/details/culture/DSM-95', 'https://bacdive.dsmz.de/strain/2590']"
Bacterium,Clostridium formicaceticum DSM 96,/strains/view/DSM 96,/taxonomy?level=species&item=Clostridium formicaceticum,['/medium/14'],"['https://www.dsmz.de/collection/catalogue/details/culture/DSM-96', 'https://bacdive.dsmz.de/strain/2591']"
Bacterium,Clostridium formicaceticum DSM 97,/strains/view/DSM 97,/taxonomy?level=species&item=Clostridium formicaceticum,['/medium/14'],"['https://www.dsmz.de/collection/catalogue/details/culture/DSM-97', 'https://bacdive.dsmz.de/strain/2592']"
Bacterium,Clostridium formicaceticum DSM 98,/strains/view/DSM 98,/taxonomy?level=species&item=Clostridium formicaceticum,['/medium/14'],"['https://www.dsmz.de/collection/catalogue/details/culture/DSM-98', 'https://bacdive.dsmz.de/strain/2593']"
Bacterium,Clostridium formicaceticum DSM 99,/strains/view/DSM 99,/taxonomy?level=species&item=Clostridium formicaceticum,['/medium/14'],"['https://www.dsmz.de/collection/catalogue/details/culture/DSM-99', 'https://bacdive.dsmz.de/strain/2594']"
Bacterium,Clostridium formicaceticum DSM 100,/strains/view/DSM 100,/taxonomy?level=species&item=Clostridium formicaceticum,['/medium/14'],"['https://www.dsmz.de/collection/catalogue/details/culture/DSM-100', 'https://bacdive.dsmz.de/strain/2595']"
Bacterium,Ancylobacter aquaticus DSM 101,/strains/view/DSM 101,/taxonomy?level=species&item=Ancylobacter aquaticus,"['/medium/7', '/medium/J346', '/medium/J349']","['https://www.dsmz.de/collection/catalogue/details/culture/DSM-101', 'https://bacdive.dsmz.de/strain/17385']"
Bacterium,Spirosoma sp. DSM 102,/strains/view/DSM 102,/taxonomy?level=species&item=Spirosoma sp.,['/medium/7'],"['https://www.dsmz.de/collection/catalogue/details/culture/DSM-102', 'https://bacdive.dsmz.de/strain/3821']"
Bacterium,Flectobacillus major DSM 103,/strains/view/DSM 103,/taxonomy?level=species&item=Flectobacillus major,['/medium/7'],"['https://www.dsmz.de/collection/catalogue/details/culture/DSM-103', 'https://bacdive.dsmz.de/strain/3784']"
Bacterium,Rhodospirillum rubrum DSM 107,/strains/view/DSM 107,/taxonomy?level=species&item=Rhodospirillum rubrum,['/medium/27'],"['https://www.dsmz.de/collection/catalogue/details/culture/DSM-107', 'https://bacdive.dsmz.de/strain/14008']"
Bacterium,Rhodocyclus tenuis DSM 109,/strains/view/DSM 109,/taxonomy?level=species&item=Rhodocyclus tenuis,['/medium/27'],"['https://www.dsmz.de/collection/catalogue/details/culture/DSM-109', 'https://bacdive.dsmz.de/strain/13926']"
Bacterium,Rhodocyclus gracilis DSM 110,/strains/view/DSM 110,/taxonomy?level=species&item=Rhodocyclus gracilis,['/medium/27'],"['https://www.dsmz.de/collection/catalogue/details/culture/DSM-110', 'https://bacdive.dsmz.de/strain/13927']"
Bacterium,Rhodocyclus tenuis DSM 111,/strains/view/DSM 111,/taxonomy?level=species&item=Rhizobium aggregatum,['/medium/27'],"['https://www.dsmz.de/collection/catalogue/details/culture/DSM-111', 'https://bacdive.dsmz.de/strain/13928']"
Bacterium,Rhodocyclus tenuis DSM 112,/strains/view/DSM 112,/taxonomy?level=species&item=Pararhizobium capsulatum,['/medium/27'],"['https://www.dsmz.de/collection/catalogue/details/culture/DSM-112', 'https://bacdive.dsmz.de/strain/13929']"
Bacterium,Magnetospirillum fulvum DSM 113,/strains/view/DSM 113,/taxonomy?level=species&item=Magnetospirillum fulvum,['/medium/27'],"['https://www.dsmz.de/collection/catalogue/details/culture/DSM-113', 'https://bacdive.dsmz.de/strain/13948']"
Bacterium,Magnetospirillum fulvum DSM 114,/strains/view/DSM 114,/taxonomy?level=species&item=Magnetospirillum fulvum,['/medium/27'],"['https://www.dsmz.de/collection/catalogue/details/culture/DSM-114', 'https://bacdive.dsmz.de/strain/13949']"
Bacterium,Magnetospirillum fulvum DSM 115,/strains/view/DSM 115,/taxonomy?level=species&item=Magnetospirillum fulvum,['/medium/27'],"['https://www.dsmz.de/collection/catalogue/details/culture/DSM-115', 'https://bacdive.dsmz.de/strain/13950']"
Bacterium,Magnetospirillum fulvum DSM 116,/strains/view/DSM 116,/taxonomy?level=species&item=Magnetospirillum fulvum,['/medium/27'],"['https://www.dsmz.de/collection/catalogue/details/culture/DSM-116', 'https://bacdive.dsmz.de/strain/13951']"
Bacterium,Magnetospirillum fulvum DSM 117,/strains/view/DSM 117,/taxonomy?level=species&item=Magnetospirillum fulvum,['/medium/27'],"['https://www.dsmz.de/collection/catalogue/details/culture/DSM-117', 'https://bacdive.dsmz.de/strain/13952']"
Bacterium,Pararhodospirillum photometricum DSM 118,/strains/view/DSM 118,/taxonomy?level=species&item=Pararhodospirillum photometricum,['/medium/27'],"['https://www.dsmz.de/collection/catalogue/details/culture/DSM-118', 'https://bacdive.dsmz.de/strain/13954']"
Bacterium,Phaeospirillum sp. DSM 119,/strains/view/DSM 119,/taxonomy?level=species&item=Magnetospirillum sp.,['/medium/27'],"['https://www.dsmz.de/collection/catalogue/details/culture/DSM-119', 'https://bacdive.dsmz.de/strain/13955']"
Bacterium,Magnetospirillum molischianum DSM 120,/strains/view/DSM 120,/taxonomy?level=species&item=Magnetospirillum molischianum,['/medium/27'],"['https://www.dsmz.de/collection/catalogue/details/culture/DSM-120', 'https://bacdive.dsmz.de/strain/13956']"
Bacterium,Phaeospirillum sp. DSM 121,/strains/view/DSM 121,/taxonomy?level=species&item=Magnetospirillum sp.,['/medium/27'],"['https://www.dsmz.de/collection/catalogue/details/culture/DSM-121', 'https://bacdive.dsmz.de/strain/14003']"
Bacterium,Pararhodospirillum photometricum DSM 122,/strains/view/DSM 122,/taxonomy?level=species&item=Pararhodospirillum photometricum,['/medium/27'],"['https://www.dsmz.de/collection/catalogue/details/culture/DSM-122', 'https://bacdive.dsmz.de/strain/14004']"
Bacterium,Rhodopseudomonas pseudopalustris DSM 123,/strains/view/DSM 123,/taxonomy?level=species&item=Rhodopseudomonas pseudopalustris,['/medium/27'],"['https://www.dsmz.de/collection/catalogue/details/culture/DSM-123', 'https://bacdive.dsmz.de/strain/1828']"
Bacterium,Rhodopseudomonas palustris DSM 126,/strains/view/DSM 126,,['/medium/27'],"['https://www.dsmz.de/collection/catalogue/details/culture/DSM-126', 'https://bacdive.dsmz.de/strain/169288']"
Bacterium,Rhodopseudomonas palustris DSM 127,/strains/view/DSM 127,/taxonomy?level=species&item=Rhodopseudomonas palustris,['/medium/27'],"['https://www.dsmz.de/collection/catalogue/details/culture/DSM-127', 'https://bacdive.dsmz.de/strain/1819']"
Bacterium,Rhodopseudomonas parapalustris DSM 130,/strains/view/DSM 130,/taxonomy?level=species&item=Rhodopseudomonas parapalustris,['/medium/27'],"['https://www.dsmz.de/collection/catalogue/details/culture/DSM-130', 'https://bacdive.dsmz.de/strain/1820']"
Bacterium,Rhodopseudomonas palustris DSM 131,/strains/view/DSM 131,/taxonomy?level=species&item=Rhodopseudomonas palustris,['/medium/27'],"['https://www.dsmz.de/collection/catalogue/details/culture/DSM-131', 'https://bacdive.dsmz.de/strain/1821']"
Bacterium,Blastochloris viridis DSM 133,/strains/view/DSM 133,/taxonomy?level=species&item=Blastochloris viridis,['/medium/27'],"['https://www.dsmz.de/collection/catalogue/details/culture/DSM-133', 'https://bacdive.dsmz.de/strain/6160']"
Bacterium,Blastochloris viridis DSM 134,/strains/view/DSM 134,/taxonomy?level=species&item=Blastochloris viridis,['/medium/27'],"['https://www.dsmz.de/collection/catalogue/details/culture/DSM-134', 'https://bacdive.dsmz.de/strain/6161']"
Bacterium,Blastochloris sulfoviridis DSM 136,/strains/view/DSM 136,/taxonomy?level=species&item=Blastochloris sulfoviridis,['/medium/27'],"['https://www.dsmz.de/collection/catalogue/details/culture/DSM-136', 'https://bacdive.dsmz.de/strain/6162']"
Bacterium,Rhodoblastus acidophilus DSM 137,/strains/view/DSM 137,/taxonomy?level=species&item=Rhodoblastus acidophilus,['/medium/26'],"['https://www.dsmz.de/collection/catalogue/details/culture/DSM-137', 'https://bacdive.dsmz.de/strain/1798']"
Bacterium,Rhodoblastus acidophilus DSM 142,/strains/view/DSM 142,/taxonomy?level=species&item=Rhodoblastus acidophilus,['/medium/26'],"['https://www.dsmz.de/collection/catalogue/details/culture/DSM-142', 'https://bacdive.dsmz.de/strain/1799']"
Bacterium,Rhodoblastus acidophilus DSM 145,/strains/view/DSM 145,/taxonomy?level=species&item=Rhodoblastus acidophilus,['/medium/26'],"['https://www.dsmz.de/collection/catalogue/details/culture/DSM-145', 'https://bacdive.dsmz.de/strain/1800']"
Bacterium,Rubrivivax gelatinosus DSM 149,/strains/view/DSM 149,/taxonomy?level=species&item=Rubrivivax gelatinosus,['/medium/27'],"['https://www.dsmz.de/collection/catalogue/details/culture/DSM-149', 'https://bacdive.dsmz.de/strain/17934']"
Bacterium,Rubrivivax gelatinosus DSM 151,/strains/view/DSM 151,/taxonomy?level=species&item=Rubrivivax gelatinosus,['/medium/27'],"['https://www.dsmz.de/collection/catalogue/details/culture/DSM-151', 'https://bacdive.dsmz.de/strain/17935']"
Bacterium,Rhodobacter capsulatus DSM 152,/strains/view/DSM 152,/taxonomy?level=species&item=Rhodobacter capsulatus,['/medium/27'],"['https://www.dsmz.de/collection/catalogue/details/culture/DSM-152', 'https://bacdive.dsmz.de/strain/13807']"
Bacterium,Rhodobacter capsulatus DSM 155,/strains/view/DSM 155,/taxonomy?level=species&item=Rhodobacter capsulatus,['/medium/27'],"['https://www.dsmz.de/collection/catalogue/details/culture/DSM-155', 'https://bacdive.dsmz.de/strain/13808']"
Bacterium,Rhodobacter capsulatus DSM 156,/strains/view/DSM 156,/taxonomy?level=species&item=Rhodobacter capsulatus,['/medium/27'],"['https://www.dsmz.de/collection/catalogue/details/culture/DSM-156', 'https://bacdive.dsmz.de/strain/13809']"
Bacterium,Rhodobacter capsulatus DSM 157,/strains/view/DSM 157,/taxonomy?level=species&item=Rhodobacter capsulatus,['/medium/27'],"['https://www.dsmz.de/collection/catalogue/details/culture/DSM-157', 'https://bacdive.dsmz.de/strain/13810']"
Bacterium,Cereibacter sphaeroides DSM 158,/strains/view/DSM 158,/taxonomy?level=species&item=Cereibacter sphaeroides,"['/medium/27', '/medium/J26']","['https://www.dsmz.de/collection/catalogue/details/culture/DSM-158', 'https://bacdive.dsmz.de/strain/13812']"
Bacterium,Cereibacter sphaeroides DSM 159,/strains/view/DSM 159,/taxonomy?level=species&item=Cereibacter sphaeroides,['/medium/27'],"['https://www.dsmz.de/collection/catalogue/details/culture/DSM-159', 'https://bacdive.dsmz.de/strain/13813']"
Bacterium,Cereibacter sphaeroides DSM 160,/strains/view/DSM 160,/taxonomy?level=species&item=Cereibacter sphaeroides,['/medium/27'],"['https://www.dsmz.de/collection/catalogue/details/culture/DSM-160', 'https://bacdive.dsmz.de/strain/13814']"
Bacterium,Rhodopila globiformis DSM 161,/strains/view/DSM 161,/taxonomy?level=species&item=Rhodopila globiformis,['/medium/25?strain=106'],"['https://www.dsmz.de/collection/catalogue/details/culture/DSM-161', 'https://bacdive.dsmz.de/strain/59']"
Bacterium,Rhodomicrobium vannielii DSM 162,/strains/view/DSM 162,/taxonomy?level=species&item=Rhodomicrobium vannielii,"['/medium/26', '/medium/27']","['https://www.dsmz.de/collection/catalogue/details/culture/DSM-162', 'https://bacdive.dsmz.de/strain/6194']"
Bacterium,Rhodomicrobium vannielii DSM 166,/strains/view/DSM 166,/taxonomy?level=species&item=Rhodomicrobium vannielii,['/medium/26'],"['https://www.dsmz.de/collection/catalogue/details/culture/DSM-166', 'https://bacdive.dsmz.de/strain/6195']"
Bacterium,Rhodocyclus purpureus DSM 168,/strains/view/DSM 168,/taxonomy?level=species&item=Rhodocyclus purpureus,['/medium/27'],"['https://www.dsmz.de/collection/catalogue/details/culture/DSM-168', 'https://bacdive.dsmz.de/strain/13925']"
Bacterium,Allochromatium warmingii DSM 173,/strains/view/DSM 173,/taxonomy?level=species&item=Allochromatium warmingii,['/medium/28'],"['https://www.dsmz.de/collection/catalogue/details/culture/DSM-173', 'https://bacdive.dsmz.de/strain/2436']"
Bacterium,Allochromatium warmingii DSM 174,/strains/view/DSM 174,/taxonomy?level=species&item=Allochromatium warmingii,['/medium/28'],"['https://www.dsmz.de/collection/catalogue/details/culture/DSM-174', 'https://bacdive.dsmz.de/strain/2434']"
Bacterium,Marichromatium gracile DSM 175,/strains/view/DSM 175,,['/medium/28'],['https://www.dsmz.de/collection/catalogue/details/culture/DSM-175']
Bacterium,Isochromatium buderi DSM 176,/strains/view/DSM 176,/taxonomy?level=species&item=Isochromatium buderi,['/medium/28'],"['https://www.dsmz.de/collection/catalogue/details/culture/DSM-176', 'https://bacdive.dsmz.de/strain/169049']"
Bacterium,Isochromatium buderi DSM 177,/strains/view/DSM 177,,['/medium/28'],['https://www.dsmz.de/collection/catalogue/details/culture/DSM-177']
Bacterium,Allochromatium vinosum DSM 180,/strains/view/DSM 180,/taxonomy?level=species&item=Allochromatium vinosum,['/medium/28'],"['https://www.dsmz.de/collection/catalogue/details/culture/DSM-180', 'https://bacdive.dsmz.de/strain/2424']"
Bacterium,Thiorhodococcus sp. DSM 182,/strains/view/DSM 182,/taxonomy?level=species&item=Thiorhodococcus sp.,['/medium/28'],"['https://www.dsmz.de/collection/catalogue/details/culture/DSM-182', 'https://bacdive.dsmz.de/strain/2425']"
Bacterium,Allochromatium vinosum DSM 183,/strains/view/DSM 183,/taxonomy?level=species&item=Allochromatium vinosum,['/medium/28'],"['https://www.dsmz.de/collection/catalogue/details/culture/DSM-183', 'https://bacdive.dsmz.de/strain/2426']"
Bacterium,Allochromatium vinosum DSM 185,/strains/view/DSM 185,/taxonomy?level=species&item=Allochromatium vinosum,['/medium/28'],"['https://www.dsmz.de/collection/catalogue/details/culture/DSM-185', 'https://bacdive.dsmz.de/strain/2427']"
Bacterium,Allochromatium vinosum DSM 186,/strains/view/DSM 186,/taxonomy?level=species&item=Allochromatium vinosum,['/medium/28'],"['https://www.dsmz.de/collection/catalogue/details/culture/DSM-186', 'https://bacdive.dsmz.de/strain/2428']"
Bacterium,Allochromatium vinosum DSM 189,/strains/view/DSM 189,/taxonomy?level=species&item=Allochromatium vinosum,['/medium/28'],"['https://www.dsmz.de/collection/catalogue/details/culture/DSM-189', 'https://bacdive.dsmz.de/strain/2429']"
Bacterium,Allochromatium vinosum DSM 195,/strains/view/DSM 195,,['/medium/28?strain=121'],['https://www.dsmz.de/collection/catalogue/details/culture/DSM-195']
Bacterium,Allochromatium vinosum DSM 196,/strains/view/DSM 196,/taxonomy?level=species&item=Allochromatium vinosum,['/medium/28'],"['https://www.dsmz.de/collection/catalogue/details/culture/DSM-196', 'https://bacdive.dsmz.de/strain/2431']"
Bacterium,Thiocystis violascens DSM 198,/strains/view/DSM 198,/taxonomy?level=species&item=Thiocystis violascens,['/medium/28'],"['https://www.dsmz.de/collection/catalogue/details/culture/DSM-198', 'https://bacdive.dsmz.de/strain/2482']"
Bacterium,Allochromatium sp. DSM 199,/strains/view/DSM 199,/taxonomy?level=species&item=Allochromatium sp.,['/medium/28'],"['https://www.dsmz.de/collection/catalogue/details/culture/DSM-199', 'https://bacdive.dsmz.de/strain/2483']"
Bacterium,Thiorhodococcus sp. DSM 200,/strains/view/DSM 200,/taxonomy?level=species&item=Thiorhodococcus sp.,['/medium/28'],"['https://www.dsmz.de/collection/catalogue/details/culture/DSM-200', 'https://bacdive.dsmz.de/strain/2484']"
Bacterium,Thiocystis violascens DSM 201,/strains/view/DSM 201,,['/medium/28?strain=126'],['https://www.dsmz.de/collection/catalogue/details/culture/DSM-201']
Bacterium,Thiocystis violascens DSM 202,/strains/view/DSM 202,,['/medium/28?strain=127'],['https://www.dsmz.de/collection/catalogue/details/culture/DSM-202']
Bacterium,Marichromatium gracile DSM 203,/strains/view/DSM 203,/taxonomy?level=species&item=Marichromatium gracile,['/medium/28?strain=128'],"['https://www.dsmz.de/collection/catalogue/details/culture/DSM-203', 'https://bacdive.dsmz.de/strain/2445']"
Bacterium,Marichromatium gracile DSM 204,/strains/view/DSM 204,/taxonomy?level=species&item=Marichromatium gracile,['/medium/28?strain=129'],"['https://www.dsmz.de/collection/catalogue/details/culture/DSM-204', 'https://bacdive.dsmz.de/strain/2446']"
Bacterium,Thiocystis violacea DSM 208,/strains/view/DSM 208,/taxonomy?level=species&item=Thiocystis violacea,['/medium/28'],"['https://www.dsmz.de/collection/catalogue/details/culture/DSM-208', 'https://bacdive.dsmz.de/strain/2488']"
Bacterium,Thiorhodococcus sp. DSM 212,/strains/view/DSM 212,/taxonomy?level=species&item=Thiorhodococcus sp.,['/medium/28?strain=132'],"['https://www.dsmz.de/collection/catalogue/details/culture/DSM-212', 'https://bacdive.dsmz.de/strain/2489']"
Bacterium,Thiorhodococcus sp. DSM 213,/strains/view/DSM 213,/taxonomy?level=species&item=Thiorhodococcus sp.,['/medium/28?strain=133'],"['https://www.dsmz.de/collection/catalogue/details/culture/DSM-213', 'https://bacdive.dsmz.de/strain/2490']"
Bacterium,Allochromatium sp. DSM 214,/strains/view/DSM 214,/taxonomy?level=species&item=Allochromatium sp.,['/medium/28?strain=134'],"['https://www.dsmz.de/collection/catalogue/details/culture/DSM-214', 'https://bacdive.dsmz.de/strain/2491']"
Bacterium,Thiocapsa roseopersicina DSM 217,/strains/view/DSM 217,/taxonomy?level=species&item=Thiocapsa roseopersicina,['/medium/28'],"['https://www.dsmz.de/collection/catalogue/details/culture/DSM-217', 'https://bacdive.dsmz.de/strain/2479']"
Bacterium,Thiocapsa roseopersicina DSM 221,/strains/view/DSM 221,/taxonomy?level=species&item=Thiocapsa roseopersicina,['/medium/28'],"['https://www.dsmz.de/collection/catalogue/details/culture/DSM-221', 'https://bacdive.dsmz.de/strain/2480']"
Bacterium,Thiococcus pfennigii DSM 226,/strains/view/DSM 226,/taxonomy?level=species&item=Thiococcus pfennigii,['/medium/28'],"['https://www.dsmz.de/collection/catalogue/details/culture/DSM-226', 'https://bacdive.dsmz.de/strain/2465']"
Bacterium,Thiococcus pfennigii DSM 227,/strains/view/DSM 227,/taxonomy?level=species&item=Thiococcus pfennigii,['/medium/28'],"['https://www.dsmz.de/collection/catalogue/details/culture/DSM-227', 'https://bacdive.dsmz.de/strain/2466']"
Bacterium,Thiococcus pfennigii DSM 228,/strains/view/DSM 228,/taxonomy?level=species&item=Thiococcus pfennigii,['/medium/28'],"['https://www.dsmz.de/collection/catalogue/details/culture/DSM-228', 'https://bacdive.dsmz.de/strain/2467']"
Bacterium,Lamprocystis roseopersicina DSM 229,/strains/view/DSM 229,/taxonomy?level=species&item=Lamprocystis roseopersicina,['/medium/28'],"['https://www.dsmz.de/collection/catalogue/details/culture/DSM-229', 'https://bacdive.dsmz.de/strain/169055']"
Bacterium,Thiodictyon elegans DSM 232,/strains/view/DSM 232,/taxonomy?level=species&item=Thiodictyon elegans,['/medium/28'],"['https://www.dsmz.de/collection/catalogue/details/culture/DSM-232', 'https://bacdive.dsmz.de/strain/168653']"
Bacterium,Thiodictyon bacillosum DSM 234,/strains/view/DSM 234,/taxonomy?level=species&item=Thiodictyon bacillosum,['/medium/28'],"['https://www.dsmz.de/collection/catalogue/details/culture/DSM-234', 'https://bacdive.dsmz.de/strain/167844']"
Bacterium,Thiocapsa rosea DSM 235,/strains/view/DSM 235,/taxonomy?level=species&item=Thiocapsa rosea,['/medium/28'],"['https://www.dsmz.de/collection/catalogue/details/culture/DSM-235', 'https://bacdive.dsmz.de/strain/2478']"
Bacterium,Thiocapsa pendens DSM 236,/strains/view/DSM 236,/taxonomy?level=species&item=Thiocapsa pendens,['/medium/39'],"['https://www.dsmz.de/collection/catalogue/details/culture/DSM-236', 'https://bacdive.dsmz.de/strain/2476']"
Bacterium,Ectothiorhodospira mobilis DSM 237,/strains/view/DSM 237,/taxonomy?level=species&item=Ectothiorhodospira mobilis,['/medium/28?strain=145'],"['https://www.dsmz.de/collection/catalogue/details/culture/DSM-237', 'https://bacdive.dsmz.de/strain/4270']"
Bacterium,Ectothiorhodospira mobilis DSM 238,/strains/view/DSM 238,/taxonomy?level=species&item=Ectothiorhodospira mobilis,['/medium/28?strain=146'],"['https://www.dsmz.de/collection/catalogue/details/culture/DSM-238', 'https://bacdive.dsmz.de/strain/4271']"
Bacterium,Ectothiorhodospira mobilis DSM 239,/strains/view/DSM 239,/taxonomy?level=species&item=Ectothiorhodospira mobilis,['/medium/28?strain=147'],"['https://www.dsmz.de/collection/catalogue/details/culture/DSM-239', 'https://bacdive.dsmz.de/strain/4272']"
Bacterium,Ectothiorhodospira mobilis DSM 240,/strains/view/DSM 240,/taxonomy?level=species&item=Ectothiorhodospira mobilis,['/medium/28?strain=148'],"['https://www.dsmz.de/collection/catalogue/details/culture/DSM-240', 'https://bacdive.dsmz.de/strain/4273']"
Bacterium,Ectothiorhodospira marina DSM 241,/strains/view/DSM 241,/taxonomy?level=species&item=Ectothiorhodospira marina,['/medium/253'],"['https://www.dsmz.de/collection/catalogue/details/culture/DSM-241', 'https://bacdive.dsmz.de/strain/4278']"
Bacterium,Ectothiorhodospira marina DSM 242,/strains/view/DSM 242,/taxonomy?level=species&item=Ectothiorhodospira marina,['/medium/253'],"['https://www.dsmz.de/collection/catalogue/details/culture/DSM-242', 'https://bacdive.dsmz.de/strain/4274']"
Bacterium,Ectothiorhodospira shaposhnikovii DSM 243,/strains/view/DSM 243,/taxonomy?level=species&item=Ectothiorhodospira shaposhnikovii,['/medium/28?strain=151'],"['https://www.dsmz.de/collection/catalogue/details/culture/DSM-243', 'https://bacdive.dsmz.de/strain/4276']"
Bacterium,Halorhodospira halophila DSM 244,/strains/view/DSM 244,/taxonomy?level=species&item=Halorhodospira halophila,['/medium/253'],"['https://www.dsmz.de/collection/catalogue/details/culture/DSM-244', 'https://bacdive.dsmz.de/strain/4283']"
Bacterium,Chlorobium limicola DSM 245,/strains/view/DSM 245,/taxonomy?level=species&item=Chlorobium limicola,['/medium/29'],"['https://www.dsmz.de/collection/catalogue/details/culture/DSM-245', 'https://bacdive.dsmz.de/strain/2403']"
Bacterium,Chlorobium limicola DSM 248,/strains/view/DSM 248,/taxonomy?level=species&item=Chlorobium limicola,['/medium/29'],"['https://www.dsmz.de/collection/catalogue/details/culture/DSM-248', 'https://bacdive.dsmz.de/strain/2404']"
Bacterium,Chlorobaculum thiosulfatiphilum DSM 249,/strains/view/DSM 249,/taxonomy?level=species&item=Chlorobaculum thiosulfatiphilum,['/medium/29'],"['https://www.dsmz.de/collection/catalogue/details/culture/DSM-249', 'https://bacdive.dsmz.de/strain/2398']"
Bacterium,Chlorobaculum sp. DSM 254,/strains/view/DSM 254,/taxonomy?level=species&item=Chlorobaculum sp.,['/medium/29'],"['https://www.dsmz.de/collection/catalogue/details/culture/DSM-254', 'https://bacdive.dsmz.de/strain/2399']"
Bacterium,Chlorobaculum sp. DSM 257,/strains/view/DSM 257,/taxonomy?level=species&item=Chlorobaculum sp.,['/medium/29'],"['https://www.dsmz.de/collection/catalogue/details/culture/DSM-257', 'https://bacdive.dsmz.de/strain/2400']"
Bacterium,Chlorobium limicola DSM 258,/strains/view/DSM 258,/taxonomy?level=species&item=Chlorobium limicola,['/medium/29'],"['https://www.dsmz.de/collection/catalogue/details/culture/DSM-258', 'https://bacdive.dsmz.de/strain/2405']"
Bacterium,Prosthecochloris vibrioformis DSM 260,/strains/view/DSM 260,/taxonomy?level=species&item=Prosthecochloris vibrioformis,['/medium/40'],"['https://www.dsmz.de/collection/catalogue/details/culture/DSM-260', 'https://bacdive.dsmz.de/strain/2401']"
Bacterium,Chlorobium phaeovibrioides DSM 261,/strains/view/DSM 261,/taxonomy?level=species&item=Chlorobium phaeovibrioides,['/medium/40'],"['https://www.dsmz.de/collection/catalogue/details/culture/DSM-261', 'https://bacdive.dsmz.de/strain/2408']"
Bacterium,Chlorobium luteolum DSM 262,/strains/view/DSM 262,/taxonomy?level=species&item=Chlorobium luteolum,['/medium/40'],"['https://www.dsmz.de/collection/catalogue/details/culture/DSM-262', 'https://bacdive.dsmz.de/strain/2407']"
Bacterium,Chlorobaculum parvum DSM 263,/strains/view/DSM 263,/taxonomy?level=species&item=Chlorobaculum parvum,['/medium/40'],"['https://www.dsmz.de/collection/catalogue/details/culture/DSM-263', 'https://bacdive.dsmz.de/strain/2397']"
Bacterium,Chlorobium phaeovibrioides DSM 265,/strains/view/DSM 265,/taxonomy?level=species&item=Chlorobium phaeovibrioides,['/medium/40'],"['https://www.dsmz.de/collection/catalogue/details/culture/DSM-265', 'https://bacdive.dsmz.de/strain/2409']"
Bacterium,Chlorobium phaeovibrioides DSM 267,/strains/view/DSM 267,/taxonomy?level=species&item=Chlorobium phaeovibrioides,['/medium/29'],"['https://www.dsmz.de/collection/catalogue/details/culture/DSM-267', 'https://bacdive.dsmz.de/strain/2410']"
Bacterium,Chlorobium phaeovibrioides DSM 269,/strains/view/DSM 269,/taxonomy?level=species&item=Chlorobium phaeovibrioides,['/medium/29'],"['https://www.dsmz.de/collection/catalogue/details/culture/DSM-269', 'https://bacdive.dsmz.de/strain/2411']"
Bacterium,Chlorobium phaeovibrioides DSM 270,/strains/view/DSM 270,/taxonomy?level=species&item=Chlorobium phaeovibrioides,['/medium/29'],"['https://www.dsmz.de/collection/catalogue/details/culture/DSM-270', 'https://bacdive.dsmz.de/strain/2412']"
Bacterium,Chlorobium luteolum DSM 273,/strains/view/DSM 273,/taxonomy?level=species&item=Chlorobium luteolum,['/medium/40'],"['https://www.dsmz.de/collection/catalogue/details/culture/DSM-273', 'https://bacdive.dsmz.de/strain/2406']"
Bacterium,Sporosarcina pasteurii DSM 276,/strains/view/DSM 276,/taxonomy?level=species&item=Sporosarcina pasteurii,['/medium/2'],"['https://www.dsmz.de/collection/catalogue/details/culture/DSM-276', 'https://bacdive.dsmz.de/strain/11979']"
Bacterium,Metabacillus fastidiosus DSM 277,/strains/view/DSM 277,/taxonomy?level=species&item=Metabacillus fastidiosus,['/medium/6'],"['https://www.dsmz.de/collection/catalogue/details/culture/DSM-277', 'https://bacdive.dsmz.de/strain/656']"
Bacterium,Metabacillus fastidiosus DSM 278,/strains/view/DSM 278,/taxonomy?level=species&item=Metabacillus fastidiosus,['/medium/6'],"['https://www.dsmz.de/collection/catalogue/details/culture/DSM-278', 'https://bacdive.dsmz.de/strain/657']"
Bacterium,Azotobacter vinelandii DSM 279,/strains/view/DSM 279,/taxonomy?level=species&item=Azotobacter vinelandii,"['/medium/3', '/medium/441']","['https://www.dsmz.de/collection/catalogue/details/culture/DSM-279', 'https://bacdive.dsmz.de/strain/12739']"
Bacterium,Metabacillus fastidiosus DSM 280,/strains/view/DSM 280,/taxonomy?level=species&item=Metabacillus fastidiosus,['/medium/6'],"['https://www.dsmz.de/collection/catalogue/details/culture/DSM-280', 'https://bacdive.dsmz.de/strain/658']"
Bacterium,Azotobacter chroococcum DSM 281,/strains/view/DSM 281,/taxonomy?level=species&item=Azotobacter chroococcum,"['/medium/441', '/medium/830']","['https://www.dsmz.de/collection/catalogue/details/culture/DSM-281', 'https://bacdive.dsmz.de/strain/12728']"
Bacterium,Azotobacter beijerinckii DSM 282,/strains/view/DSM 282,/taxonomy?level=species&item=Azotobacter beijerinckii,"['/medium/3', '/medium/441']","['https://www.dsmz.de/collection/catalogue/details/culture/DSM-282', 'https://bacdive.dsmz.de/strain/12723']"
Bacterium,Metabacillus fastidiosus DSM 283,/strains/view/DSM 283,/taxonomy?level=species&item=Metabacillus fastidiosus,['/medium/6'],"['https://www.dsmz.de/collection/catalogue/details/culture/DSM-283', 'https://bacdive.dsmz.de/strain/659']"
Bacterium,Sarcina ventriculi DSM 286,/strains/view/DSM 286,/taxonomy?level=species&item=Sarcina ventriculi,['/medium/21?strain=176'],"['https://www.dsmz.de/collection/catalogue/details/culture/DSM-286', 'https://bacdive.dsmz.de/strain/2507']"
Bacterium,Shinella zoogloeoides DSM 287,/strains/view/DSM 287,/taxonomy?level=species&item=Shinella zoogloeoides,"['/medium/1', '/medium/J190']","['https://www.dsmz.de/collection/catalogue/details/culture/DSM-287', 'https://bacdive.dsmz.de/strain/13901']"
Bacterium,Pseudomonas aeruginosa DSM 288,/strains/view/DSM 288,/taxonomy?level=species&item=Pseudomonas aeruginosa,['/medium/1'],"['https://www.dsmz.de/collection/catalogue/details/culture/DSM-288', 'https://bacdive.dsmz.de/strain/12757']"
Bacterium,Pseudomonas koreensis DSM 289,/strains/view/DSM 289,/taxonomy?level=species&item=Pseudomonas fluorescens,"['/medium/1a', '/medium/1', '/medium/220', '/medium/907', '/medium/1749']","['https://www.dsmz.de/collection/catalogue/details/culture/DSM-289', 'https://bacdive.dsmz.de/strain/12824']"
Bacterium,Pseudomonas putida DSM 291,/strains/view/DSM 291,/taxonomy?level=species&item=Pseudomonas putida,"['/medium/1a', '/medium/J12', '/medium/J22', '/medium/535', '/medium/830', '/medium/1', '/medium/907', '/medium/545']","['https://www.dsmz.de/collection/catalogue/details/culture/DSM-291', 'https://bacdive.dsmz.de/strain/12871']"
Bacterium,Paenibacillus polymyxa DSM 292,/strains/view/DSM 292,/taxonomy?level=species&item=Paenibacillus polymyxa,['/medium/1'],"['https://www.dsmz.de/collection/catalogue/details/culture/DSM-292', 'https://bacdive.dsmz.de/strain/11480']"
Bacterium,Pseudomonas putida DSM 295,/strains/view/DSM 295,/taxonomy?level=species&item=Pseudomonas putida,['/medium/1'],"['https://www.dsmz.de/collection/catalogue/details/culture/DSM-295', 'https://bacdive.dsmz.de/strain/12872']"
Bacterium,Geobacillus stearothermophilus DSM 297,/strains/view/DSM 297,/taxonomy?level=species&item=Geobacillus stearothermophilus,"['/medium/1', '/medium/220']","['https://www.dsmz.de/collection/catalogue/details/culture/DSM-297', 'https://bacdive.dsmz.de/strain/1410']"
Bacterium,Brevibacillus borstelensis DSM 298,/strains/view/DSM 298,/taxonomy?level=species&item=Brevibacillus borstelensis,['/medium/1'],"['https://www.dsmz.de/collection/catalogue/details/culture/DSM-298', 'https://bacdive.dsmz.de/strain/11420']"
Bacterium,Bacillus mycoides DSM 299,/strains/view/DSM 299,/taxonomy?level=species&item=Bacillus mycoides,['/medium/1'],"['https://www.dsmz.de/collection/catalogue/details/culture/DSM-299', 'https://bacdive.dsmz.de/strain/740']"
Bacterium,Sarcina ventriculi DSM 300,/strains/view/DSM 300,/taxonomy?level=species&item=Sarcina ventriculi,['/medium/21?strain=186'],"['https://www.dsmz.de/collection/catalogue/details/culture/DSM-300', 'https://bacdive.dsmz.de/strain/2508']"
Bacterium,Escherichia coli DSM 301,/strains/view/DSM 301,/taxonomy?level=species&item=Escherichia coli,['/medium/1'],"['https://www.dsmz.de/collection/catalogue/details/culture/DSM-301', 'https://bacdive.dsmz.de/strain/4409']"
Bacterium,Bacillus mycoides DSM 303,/strains/view/DSM 303,/taxonomy?level=species&item=Bacillus mycoides,['/medium/1'],"['https://www.dsmz.de/collection/catalogue/details/culture/DSM-303', 'https://bacdive.dsmz.de/strain/741']"
Bacterium,Pseudomonas sp. DSM 304,/strains/view/DSM 304,/taxonomy?level=species&item=Pseudomonas sp.,['/medium/1a'],"['https://www.dsmz.de/collection/catalogue/details/culture/DSM-304', 'https://bacdive.dsmz.de/strain/24368']"
Bacterium,Bacillus mycoides DSM 307,/strains/view/DSM 307,/taxonomy?level=species&item=Bacillus mycoides,['/medium/1'],"['https://www.dsmz.de/collection/catalogue/details/culture/DSM-307', 'https://bacdive.dsmz.de/strain/742']"
Bacterium,Bacillus mycoides DSM 309,/strains/view/DSM 309,/taxonomy?level=species&item=Bacillus mycoides,['/medium/1'],"['https://www.dsmz.de/collection/catalogue/details/culture/DSM-309', 'https://bacdive.dsmz.de/strain/743']"
Bacterium,Rhodococcus erythropolis DSM 312,/strains/view/DSM 312,/taxonomy?level=species&item=Rhodococcus erythropolis,['/medium/535'],"['https://www.dsmz.de/collection/catalogue/details/culture/DSM-312', 'https://bacdive.dsmz.de/strain/10851']"
Bacterium,Rhodococcus erythropolis DSM 313,/strains/view/DSM 313,/taxonomy?level=species&item=Rhodococcus erythropolis,['/medium/53'],"['https://www.dsmz.de/collection/catalogue/details/culture/DSM-313', 'https://bacdive.dsmz.de/strain/10852']"
Bacterium,Sarcina maxima DSM 316,/strains/view/DSM 316,/taxonomy?level=species&item=Sarcina maxima,['/medium/21?strain=195'],"['https://www.dsmz.de/collection/catalogue/details/culture/DSM-316', 'https://bacdive.dsmz.de/strain/2506']"
Bacterium,Sporosarcina ureae DSM 317,/strains/view/DSM 317,/taxonomy?level=species&item=Sporosarcina ureae,"['/medium/2', '/medium/J22']","['https://www.dsmz.de/collection/catalogue/details/culture/DSM-317', 'https://bacdive.dsmz.de/strain/11987']"
Bacterium,Priestia megaterium DSM 319,/strains/view/DSM 319,/taxonomy?level=species&item=Priestia megaterium,['/medium/1'],"['https://www.dsmz.de/collection/catalogue/details/culture/DSM-319', 'https://bacdive.dsmz.de/strain/717']"
Bacterium,Sporosarcina ureae DSM 320,/strains/view/DSM 320,/taxonomy?level=species&item=Sporosarcina ureae,"['/medium/2', '/medium/J22']","['https://www.dsmz.de/collection/catalogue/details/culture/DSM-320', 'https://bacdive.dsmz.de/strain/11988']"
Bacterium,Priestia megaterium DSM 321,/strains/view/DSM 321,/taxonomy?level=species&item=Priestia megaterium,['/medium/1'],"['https://www.dsmz.de/collection/catalogue/details/culture/DSM-321', 'https://bacdive.dsmz.de/strain/718']"
Bacterium,Priestia megaterium DSM 322,/strains/view/DSM 322,/taxonomy?level=species&item=Priestia megaterium,['/medium/1'],"['https://www.dsmz.de/collection/catalogue/details/culture/DSM-322', 'https://bacdive.dsmz.de/strain/719']"
Bacterium,Sporosarcina pasteurii DSM 323,/strains/view/DSM 323,/taxonomy?level=species&item=Sporosarcina pasteurii,['/medium/2'],"['https://www.dsmz.de/collection/catalogue/details/culture/DSM-323', 'https://bacdive.dsmz.de/strain/11980']"
Bacterium,Metabacillus fastidiosus DSM 324,/strains/view/DSM 324,/taxonomy?level=species&item=Metabacillus fastidiosus,['/medium/6'],"['https://www.dsmz.de/collection/catalogue/details/culture/DSM-324', 'https://bacdive.dsmz.de/strain/660']"
Bacterium,Metabacillus fastidiosus DSM 325,/strains/view/DSM 325,/taxonomy?level=species&item=Metabacillus fastidiosus,['/medium/6'],"['https://www.dsmz.de/collection/catalogue/details/culture/DSM-325', 'https://bacdive.dsmz.de/strain/661']"
Bacterium,Metabacillus fastidiosus DSM 326,/strains/view/DSM 326,/taxonomy?level=species&item=Metabacillus fastidiosus,['/medium/6'],"['https://www.dsmz.de/collection/catalogue/details/culture/DSM-326', 'https://bacdive.dsmz.de/strain/662']"
Bacterium,Azotobacter chroococcum DSM 328,/strains/view/DSM 328,/taxonomy?level=species&item=Azotobacter chroococcum,"['/medium/3', '/medium/441']","['https://www.dsmz.de/collection/catalogue/details/culture/DSM-328', 'https://bacdive.dsmz.de/strain/12729']"
Bacterium,Paenibacillus chibensis DSM 329,/strains/view/DSM 329,/taxonomy?level=species&item=Paenibacillus chibensis,['/medium/1'],"['https://www.dsmz.de/collection/catalogue/details/culture/DSM-329', 'https://bacdive.dsmz.de/strain/11544']"
Bacterium,Azotobacter vinelandii DSM 332,/strains/view/DSM 332,/taxonomy?level=species&item=Azotobacter vinelandii,"['/medium/3', '/medium/441']","['https://www.dsmz.de/collection/catalogue/details/culture/DSM-332', 'https://bacdive.dsmz.de/strain/12740']"
Bacterium,Priestia megaterium DSM 333,/strains/view/DSM 333,/taxonomy?level=species&item=Priestia megaterium,['/medium/1'],"['https://www.dsmz.de/collection/catalogue/details/culture/DSM-333', 'https://bacdive.dsmz.de/strain/714']"
Bacterium,Ancylobacter aquaticus DSM 334,/strains/view/DSM 334,/taxonomy?level=species&item=Ancylobacter aquaticus,"['/medium/7', '/medium/81', '/medium/428', '/medium/J349']","['https://www.dsmz.de/collection/catalogue/details/culture/DSM-334', 'https://bacdive.dsmz.de/strain/17382']"
Bacterium,Brevibacillus laterosporus DSM 335,/strains/view/DSM 335,/taxonomy?level=species&item=Brevibacillus laterosporus,['/medium/1'],"['https://www.dsmz.de/collection/catalogue/details/culture/DSM-335', 'https://bacdive.dsmz.de/strain/11406']"
Bacterium,Priestia megaterium DSM 337,/strains/view/DSM 337,/taxonomy?level=species&item=Priestia megaterium,['/medium/1'],"['https://www.dsmz.de/collection/catalogue/details/culture/DSM-337', 'https://bacdive.dsmz.de/strain/715']"
Bacterium,Xanthobacter flavus DSM 338,/strains/view/DSM 338,/taxonomy?level=species&item=Xanthobacter flavus,"['/medium/1', '/medium/81', '/medium/428', '/medium/J74']","['https://www.dsmz.de/collection/catalogue/details/culture/DSM-338', 'https://bacdive.dsmz.de/strain/17428']"
Bacterium,Priestia megaterium DSM 339,/strains/view/DSM 339,/taxonomy?level=species&item=Priestia megaterium,['/medium/1'],"['https://www.dsmz.de/collection/catalogue/details/culture/DSM-339', 'https://bacdive.dsmz.de/strain/716']"
Bacterium,Clavibacter insidiosus DSM 340,/strains/view/DSM 340,/taxonomy?level=species&item=Clavibacter insidiosus,['/medium/53'],"['https://www.dsmz.de/collection/catalogue/details/culture/DSM-340', 'https://bacdive.dsmz.de/strain/7285']"
Bacterium,Pseudarthrobacter polychromogenes DSM 342,/strains/view/DSM 342,/taxonomy?level=species&item=Pseudarthrobacter polychromogenes,"['/medium/53', '/medium/J22', '/medium/J26']","['https://www.dsmz.de/collection/catalogue/details/culture/DSM-342', 'https://bacdive.dsmz.de/strain/7532']"
Bacterium,Priestia megaterium DSM 344,/strains/view/DSM 344,/taxonomy?level=species&item=Priestia megaterium,['/medium/1'],"['https://www.dsmz.de/collection/catalogue/details/culture/DSM-344', 'https://bacdive.dsmz.de/strain/720']"
Bacterium,Bacillus cereus DSM 345,/strains/view/DSM 345,/taxonomy?level=species&item=Bacillus cereus,"['/medium/1', '/medium/92', '/medium/693']","['https://www.dsmz.de/collection/catalogue/details/culture/DSM-345', 'https://bacdive.dsmz.de/strain/605']"
Bacterium,Staphylococcus aureus DSM 346,/strains/view/DSM 346,/taxonomy?level=species&item=Staphylococcus aureus,"['/medium/92', '/medium/693', '/medium/J22', '/medium/J27']","['https://www.dsmz.de/collection/catalogue/details/culture/DSM-346', 'https://bacdive.dsmz.de/strain/14445']"
Bacterium,Bacillus spizizenii DSM 347,/strains/view/DSM 347,/taxonomy?level=species&item=Bacillus spizizenii,"['/medium/1', '/medium/J22']","['https://www.dsmz.de/collection/catalogue/details/culture/DSM-347', 'https://bacdive.dsmz.de/strain/1187']"
Bacterium,Kocuria rhizophila DSM 348,/strains/view/DSM 348,/taxonomy?level=species&item=Kocuria rhizophila,"['/medium/1', '/medium/J22']","['https://www.dsmz.de/collection/catalogue/details/culture/DSM-348', 'https://bacdive.dsmz.de/strain/7646']"
Bacterium,Bacillus thuringiensis DSM 350,/strains/view/DSM 350,/taxonomy?level=species&item=Bacillus thuringiensis,['/medium/1'],"['https://www.dsmz.de/collection/catalogue/details/culture/DSM-350', 'https://bacdive.dsmz.de/strain/1005']"
Bacterium,Bacillus cereus DSM 351,/strains/view/DSM 351,/taxonomy?level=species&item=Bacillus cereus,['/medium/1'],"['https://www.dsmz.de/collection/catalogue/details/culture/DSM-351', 'https://bacdive.dsmz.de/strain/606']"
Bacterium,Bacillus sp. DSM 352,/strains/view/DSM 352,/taxonomy?level=species&item=Bacillus sp.,['/medium/12'],"['https://www.dsmz.de/collection/catalogue/details/culture/DSM-352', 'https://bacdive.dsmz.de/strain/824']"
Bacterium,Bacillus pumilus DSM 354,/strains/view/DSM 354,/taxonomy?level=species&item=Bacillus pumilus,['/medium/1'],"['https://www.dsmz.de/collection/catalogue/details/culture/DSM-354', 'https://bacdive.dsmz.de/strain/749']"
Bacterium,Bacillus pumilus DSM 355,/strains/view/DSM 355,/taxonomy?level=species&item=Bacillus pumilus,['/medium/1'],"['https://www.dsmz.de/collection/catalogue/details/culture/DSM-355', 'https://bacdive.dsmz.de/strain/750']"
Bacterium,Paenibacillus polymyxa DSM 356,/strains/view/DSM 356,/taxonomy?level=species&item=Paenibacillus polymyxa,['/medium/1'],"['https://www.dsmz.de/collection/catalogue/details/culture/DSM-356', 'https://bacdive.dsmz.de/strain/11481']"
Bacterium,Paenibacillus macerans DSM 357,/strains/view/DSM 357,/taxonomy?level=species&item=Paenibacillus macerans,['/medium/1'],"['https://www.dsmz.de/collection/catalogue/details/culture/DSM-357', 'https://bacdive.dsmz.de/strain/11472']"
Bacterium,Cytobacillus firmus DSM 359,/strains/view/DSM 359,/taxonomy?level=species&item=Cytobacillus firmus,"['/medium/1', '/medium/J74']","['https://www.dsmz.de/collection/catalogue/details/culture/DSM-359', 'https://bacdive.dsmz.de/strain/673']"
Bacterium,Bacillus cereus DSM 360,/strains/view/DSM 360,/taxonomy?level=species&item=Bacillus cereus,['/medium/1'],"['https://www.dsmz.de/collection/catalogue/details/culture/DSM-360', 'https://bacdive.dsmz.de/strain/607']"
Bacterium,Bacillus pumilus DSM 361,/strains/view/DSM 361,/taxonomy?level=species&item=Bacillus pumilus,['/medium/1'],"['https://www.dsmz.de/collection/catalogue/details/culture/DSM-361', 'https://bacdive.dsmz.de/strain/751']"
Bacterium,Brevibacillus parabrevis DSM 362,/strains/view/DSM 362,/taxonomy?level=species&item=Brevibacillus parabrevis,"['/medium/1', '/medium/J22']","['https://www.dsmz.de/collection/catalogue/details/culture/DSM-362', 'https://bacdive.dsmz.de/strain/11410']"
Bacterium,Rhodococcus rhodochrous DSM 363,/strains/view/DSM 363,/taxonomy?level=species&item=Rhodococcus rhodochrous,"['/medium/535', '/medium/J26', '/medium/J43', '/medium/J57']","['https://www.dsmz.de/collection/catalogue/details/culture/DSM-363', 'https://bacdive.dsmz.de/strain/10897']"
Bacterium,Rhodococcus sp. DSM 364,/strains/view/DSM 364,/taxonomy?level=species&item=Rhodococcus sp.,['/medium/65'],"['https://www.dsmz.de/collection/catalogue/details/culture/DSM-364', 'https://bacdive.dsmz.de/strain/10957']"
Bacterium,Paenibacillus polymyxa DSM 365,/strains/view/DSM 365,/taxonomy?level=species&item=Paenibacillus polymyxa,['/medium/1'],"['https://www.dsmz.de/collection/catalogue/details/culture/DSM-365', 'https://bacdive.dsmz.de/strain/11482']"
Bacterium,Azotobacter vinelandii DSM 366,/strains/view/DSM 366,/taxonomy?level=species&item=Azotobacter vinelandii,"['/medium/3', '/medium/441']","['https://www.dsmz.de/collection/catalogue/details/culture/DSM-366', 'https://bacdive.dsmz.de/strain/12741']"
Bacterium,Azotobacter chroococcum DSM 368,/strains/view/DSM 368,/taxonomy?level=species&item=Azotobacter chroococcum,"['/medium/3', '/medium/441']","['https://www.dsmz.de/collection/catalogue/details/culture/DSM-368', 'https://bacdive.dsmz.de/strain/12730']"
Bacterium,Azotobacter chroococcum DSM 369,/strains/view/DSM 369,/taxonomy?level=species&item=Azotobacter chroococcum,"['/medium/3', '/medium/441']","['https://www.dsmz.de/collection/catalogue/details/culture/DSM-369', 'https://bacdive.dsmz.de/strain/12731']"
Bacterium,Brevibacillus parabrevis DSM 370,/strains/view/DSM 370,/taxonomy?level=species&item=Brevibacillus parabrevis,['/medium/1'],"['https://www.dsmz.de/collection/catalogue/details/culture/DSM-370', 'https://bacdive.dsmz.de/strain/11411']"
Bacterium,Paenibacillus polymyxa DSM 372,/strains/view/DSM 372,/taxonomy?level=species&item=Paenibacillus polymyxa,['/medium/1'],"['https://www.dsmz.de/collection/catalogue/details/culture/DSM-372', 'https://bacdive.dsmz.de/strain/11483']"
Bacterium,Azotobacter beijerinckii DSM 373,/strains/view/DSM 373,/taxonomy?level=species&item=Azotobacter beijerinckii,"['/medium/3', '/medium/441']","['https://www.dsmz.de/collection/catalogue/details/culture/DSM-373', 'https://bacdive.dsmz.de/strain/12724']"
Bacterium,Azotobacter chroococcum DSM 374,/strains/view/DSM 374,/taxonomy?level=species&item=Azotobacter chroococcum,"['/medium/3', '/medium/441']","['https://www.dsmz.de/collection/catalogue/details/culture/DSM-374', 'https://bacdive.dsmz.de/strain/12732']"
Bacterium,Azomonas agilis DSM 375,/strains/view/DSM 375,/taxonomy?level=species&item=Azomonas agilis,"['/medium/3', '/medium/441']","['https://www.dsmz.de/collection/catalogue/details/culture/DSM-375', 'https://bacdive.dsmz.de/strain/12717']"
Bacterium,Azorhizophilus paspali DSM 376,/strains/view/DSM 376,/taxonomy?level=species&item=Azorhizophilus paspali,"['/medium/3', '/medium/441']","['https://www.dsmz.de/collection/catalogue/details/culture/DSM-376', 'https://bacdive.dsmz.de/strain/12703']"
Bacterium,Azotobacter beijerinckii DSM 378,/strains/view/DSM 378,/taxonomy?level=species&item=Azotobacter beijerinckii,"['/medium/441', '/medium/J346']","['https://www.dsmz.de/collection/catalogue/details/culture/DSM-378', 'https://bacdive.dsmz.de/strain/12725']"
Bacterium,Azotobacter chroococcum DSM 379,/strains/view/DSM 379,/taxonomy?level=species&item=Azotobacter chroococcum,"['/medium/3', '/medium/441']","['https://www.dsmz.de/collection/catalogue/details/culture/DSM-379', 'https://bacdive.dsmz.de/strain/12733']"
Bacterium,Azotobacter beijerinckii DSM 381,/strains/view/DSM 381,/taxonomy?level=species&item=Azotobacter beijerinckii,"['/medium/3', '/medium/441']","['https://www.dsmz.de/collection/catalogue/details/culture/DSM-381', 'https://bacdive.dsmz.de/strain/12726']"
Bacterium,Azotobacter vinelandii DSM 382,/strains/view/DSM 382,/taxonomy?level=species&item=Azotobacter vinelandii,"['/medium/3', '/medium/441']","['https://www.dsmz.de/collection/catalogue/details/culture/DSM-382', 'https://bacdive.dsmz.de/strain/12742']"
Bacterium,Bacillus mycoides DSM 384,/strains/view/DSM 384,/taxonomy?level=species&item=Bacillus mycoides,['/medium/1'],"['https://www.dsmz.de/collection/catalogue/details/culture/DSM-384', 'https://bacdive.dsmz.de/strain/744']"
Bacterium,Azorhizophilus paspali DSM 388,/strains/view/DSM 388,/taxonomy?level=species&item=Azorhizophilus paspali,"['/medium/3', '/medium/441?strain=249']","['https://www.dsmz.de/collection/catalogue/details/culture/DSM-388', 'https://bacdive.dsmz.de/strain/12704']"
Bacterium,Azotobacter vinelandii DSM 389,/strains/view/DSM 389,/taxonomy?level=species&item=Azotobacter vinelandii,"['/medium/3', '/medium/441']","['https://www.dsmz.de/collection/catalogue/details/culture/DSM-389', 'https://bacdive.dsmz.de/strain/12743']"
Bacterium,Azotobacter vinelandii DSM 390,/strains/view/DSM 390,/taxonomy?level=species&item=Azotobacter vinelandii,"['/medium/3', '/medium/441']","['https://www.dsmz.de/collection/catalogue/details/culture/DSM-390', 'https://bacdive.dsmz.de/strain/12744']"
Bacterium,Azorhizophilus paspali DSM 391,/strains/view/DSM 391,/taxonomy?level=species&item=Azorhizophilus paspali,"['/medium/3', '/medium/441']","['https://www.dsmz.de/collection/catalogue/details/culture/DSM-391', 'https://bacdive.dsmz.de/strain/12705']"
Bacterium,Bacillus licheniformis DSM 392,/strains/view/DSM 392,/taxonomy?level=species&item=Bacillus licheniformis,['/medium/1'],"['https://www.dsmz.de/collection/catalogue/details/culture/DSM-392', 'https://bacdive.dsmz.de/strain/684']"
Bacterium,Azotobacter chroococcum DSM 393,/strains/view/DSM 393,/taxonomy?level=species&item=Azotobacter chroococcum,"['/medium/3', '/medium/441']","['https://www.dsmz.de/collection/catalogue/details/culture/DSM-393', 'https://bacdive.dsmz.de/strain/12734']"
Bacterium,Bacillus licheniformis DSM 394,/strains/view/DSM 394,/taxonomy?level=species&item=Bacillus licheniformis,['/medium/1'],"['https://www.dsmz.de/collection/catalogue/details/culture/DSM-394', 'https://bacdive.dsmz.de/strain/685']"
Bacterium,Azotobacter vinelandii DSM 395,/strains/view/DSM 395,/taxonomy?level=species&item=Azotobacter vinelandii,"['/medium/3', '/medium/441']","['https://www.dsmz.de/collection/catalogue/details/culture/DSM-395', 'https://bacdive.dsmz.de/strain/12745']"
Bacterium,Lysinibacillus sphaericus DSM 396,/strains/view/DSM 396,/taxonomy?level=species&item=Lysinibacillus sphaericus,['/medium/1'],"['https://www.dsmz.de/collection/catalogue/details/culture/DSM-396', 'https://bacdive.dsmz.de/strain/1526']"
Bacterium,Azotobacter chroococcum DSM 398,/strains/view/DSM 398,/taxonomy?level=species&item=Azotobacter chroococcum,"['/medium/3', '/medium/441']","['https://www.dsmz.de/collection/catalogue/details/culture/DSM-398', 'https://bacdive.dsmz.de/strain/12735']"
Bacterium,Azotobacter vinelandii DSM 399,/strains/view/DSM 399,/taxonomy?level=species&item=Azotobacter vinelandii,"['/medium/3', '/medium/441']","['https://www.dsmz.de/collection/catalogue/details/culture/DSM-399', 'https://bacdive.dsmz.de/strain/12746']"
Bacterium,Azorhizophilus paspali DSM 400,/strains/view/DSM 400,/taxonomy?level=species&item=Azorhizophilus paspali,"['/medium/3', '/medium/441']","['https://www.dsmz.de/collection/catalogue/details/culture/DSM-400', 'https://bacdive.dsmz.de/strain/12706']"
Bacterium,Bacillus subtilis DSM 402,/strains/view/DSM 402,/taxonomy?level=species&item=Bacillus subtilis,"['/medium/1', '/medium/J22']","['https://www.dsmz.de/collection/catalogue/details/culture/DSM-402', 'https://bacdive.dsmz.de/strain/1156']"
Bacterium,Bacillus sp. DSM 405,/strains/view/DSM 405,/taxonomy?level=species&item=Bacillus sp.,['/medium/1'],"['https://www.dsmz.de/collection/catalogue/details/culture/DSM-405', 'https://bacdive.dsmz.de/strain/825']"
Bacterium,Bacillus sp. DSM 406,/strains/view/DSM 406,/taxonomy?level=species&item=Bacillus sp.,"['/medium/1', '/medium/J75']","['https://www.dsmz.de/collection/catalogue/details/culture/DSM-406', 'https://bacdive.dsmz.de/strain/826']"
Bacterium,Bacillus sp. DSM 411,/strains/view/DSM 411,/taxonomy?level=species&item=Bacillus sp.,['/medium/1'],"['https://www.dsmz.de/collection/catalogue/details/culture/DSM-411', 'https://bacdive.dsmz.de/strain/827']"
Bacterium,Paracoccus denitrificans DSM 413,/strains/view/DSM 413,/taxonomy?level=species&item=Paracoccus denitrificans,"['/medium/1', '/medium/81', '/medium/J22', '/medium/830']","['https://www.dsmz.de/collection/catalogue/details/culture/DSM-413', 'https://bacdive.dsmz.de/strain/13693']"
Bacterium,Paracoccus pantotrophus DSM 415,/strains/view/DSM 415,/taxonomy?level=species&item=Paracoccus pantotrophus,"['/medium/1', '/medium/81']","['https://www.dsmz.de/collection/catalogue/details/culture/DSM-415', 'https://bacdive.dsmz.de/strain/13694']"
Bacterium,Cupriavidus necator DSM 416,/strains/view/DSM 416,/taxonomy?level=species&item=Cupriavidus necator,"['/medium/1', '/medium/55']","['https://www.dsmz.de/collection/catalogue/details/culture/DSM-416', 'https://bacdive.dsmz.de/strain/2005']"
Bacterium,Cupriavidus necator DSM 418,/strains/view/DSM 418,/taxonomy?level=species&item=Cupriavidus necator,"['/medium/1', '/medium/55']","['https://www.dsmz.de/collection/catalogue/details/culture/DSM-418', 'https://bacdive.dsmz.de/strain/2006']"
Bacterium,Paenarthrobacter ureafaciens DSM 419,/strains/view/DSM 419,/taxonomy?level=species&item=Paenarthrobacter ureafaciens,"['/medium/53', '/medium/J475']","['https://www.dsmz.de/collection/catalogue/details/culture/DSM-419', 'https://bacdive.dsmz.de/strain/7570']"
Bacterium,Paenarthrobacter nicotinovorans DSM 420,/strains/view/DSM 420,/taxonomy?level=species&item=Paenarthrobacter nicotinovorans,"['/medium/53', '/medium/J22']","['https://www.dsmz.de/collection/catalogue/details/culture/DSM-420', 'https://bacdive.dsmz.de/strain/7576']"
Bacterium,Cupriavidus necator DSM 422,/strains/view/DSM 422,/taxonomy?level=species&item=Cupriavidus necator,"['/medium/1', '/medium/55']","['https://www.dsmz.de/collection/catalogue/details/culture/DSM-422', 'https://bacdive.dsmz.de/strain/2007']"
Bacterium,Escherichia coli DSM 423,/strains/view/DSM 423,/taxonomy?level=species&item=Escherichia coli,['/medium/1'],"['https://www.dsmz.de/collection/catalogue/details/culture/DSM-423', 'https://bacdive.dsmz.de/strain/4411']"
Bacterium,Zymomonas mobilis DSM 424,/strains/view/DSM 424,/taxonomy?level=species&item=Zymomonas mobilis,"['/medium/10?strain=273', '/medium/J247']","['https://www.dsmz.de/collection/catalogue/details/culture/DSM-424', 'https://bacdive.dsmz.de/strain/14289']"
Bacterium,Flavobacterium sp. DSM 425,/strains/view/DSM 425,/taxonomy?level=species&item=Flavobacterium sp.,"['/medium/67', '/medium/J22']","['https://www.dsmz.de/collection/catalogue/details/culture/DSM-425', 'https://bacdive.dsmz.de/strain/5514']"
Bacterium,Escherichia coli DSM 426,/strains/view/DSM 426,/taxonomy?level=species&item=Escherichia coli,['/medium/1'],"['https://www.dsmz.de/collection/catalogue/details/culture/DSM-426', 'https://bacdive.dsmz.de/strain/4412']"
Bacterium,Cupriavidus necator DSM 428,/strains/view/DSM 428,/taxonomy?level=species&item=Cupriavidus necator,"['/medium/1', '/medium/81', '/medium/J27']","['https://www.dsmz.de/collection/catalogue/details/culture/DSM-428', 'https://bacdive.dsmz.de/strain/2008']"
Bacterium,Escherichia coli DSM 429,/strains/view/DSM 429,/taxonomy?level=species&item=Escherichia coli,['/medium/1'],"['https://www.dsmz.de/collection/catalogue/details/culture/DSM-429', 'https://bacdive.dsmz.de/strain/4413']"
Bacterium,Cupriavidus necator DSM 430,/strains/view/DSM 430,/taxonomy?level=species&item=Cupriavidus necator,"['/medium/1?strain=278', '/medium/81?strain=278']","['https://www.dsmz.de/collection/catalogue/details/culture/DSM-430', 'https://bacdive.dsmz.de/strain/2009']"
Bacterium,Xanthobacter autotrophicus DSM 431,/strains/view/DSM 431,/taxonomy?level=species&item=Xanthobacter autotrophicus,"['/medium/1', '/medium/81', '/medium/428', '/medium/J74']","['https://www.dsmz.de/collection/catalogue/details/culture/DSM-431', 'https://bacdive.dsmz.de/strain/17419']"
Bacterium,Xanthobacter autotrophicus DSM 432,/strains/view/DSM 432,/taxonomy?level=species&item=Xanthobacter autotrophicus,"['/medium/1', '/medium/81', '/medium/428', '/medium/J74']","['https://www.dsmz.de/collection/catalogue/details/culture/DSM-432', 'https://bacdive.dsmz.de/strain/17420']"
Bacterium,Brevibacterium iodinum DSM 433,/strains/view/DSM 433,/taxonomy?level=species&item=Brevibacterium iodinum,['/medium/1'],"['https://www.dsmz.de/collection/catalogue/details/culture/DSM-433', 'https://bacdive.dsmz.de/strain/1839']"
Bacterium,Myxococcus fulvus DSM 434,/strains/view/DSM 434,/taxonomy?level=species&item=Myxococcus fulvus,"['/medium/9', '/medium/67']","['https://www.dsmz.de/collection/catalogue/details/culture/DSM-434', 'https://bacdive.dsmz.de/strain/9592']"
Bacterium,Myxococcus xanthus DSM 435,/strains/view/DSM 435,/taxonomy?level=species&item=Myxococcus xanthus,"['/medium/1118?strain=283', '/medium/9?strain=283']","['https://www.dsmz.de/collection/catalogue/details/culture/DSM-435', 'https://bacdive.dsmz.de/strain/9981']"
Bacterium,Chondromyces apiculatus DSM 436,/strains/view/DSM 436,/taxonomy?level=species&item=Chondromyces apiculatus,['/medium/9'],"['https://www.dsmz.de/collection/catalogue/details/culture/DSM-436', 'https://bacdive.dsmz.de/strain/12012']"
Bacterium,Pseudomonas putida DSM 437,/strains/view/DSM 437,/taxonomy?level=species&item=Pseudomonas putida,['/medium/1a'],"['https://www.dsmz.de/collection/catalogue/details/culture/DSM-437', 'https://bacdive.dsmz.de/strain/12873']"
Bacterium,Sporolactobacillus laevolacticus DSM 442,/strains/view/DSM 442,/taxonomy?level=species&item=Sporolactobacillus laevolacticus,"['/medium/8', '/medium/J77', '/medium/220']","['https://www.dsmz.de/collection/catalogue/details/culture/DSM-442', 'https://bacdive.dsmz.de/strain/14385']"
Bacterium,Sporolactobacillus laevolacticus DSM 444,/strains/view/DSM 444,/taxonomy?level=species&item=Sporolactobacillus laevolacticus,"['/medium/8', '/medium/830', '/medium/J77']","['https://www.dsmz.de/collection/catalogue/details/culture/DSM-444', 'https://bacdive.dsmz.de/strain/14386']"
Bacterium,Bacillus sp. DSM 445,/strains/view/DSM 445,/taxonomy?level=species&item=Bacillus sp.,['/medium/8'],"['https://www.dsmz.de/collection/catalogue/details/culture/DSM-445', 'https://bacdive.dsmz.de/strain/828']"
Bacterium,Alicyclobacillus acidocaldarius subsp. acidocaldarius DSM 446,/strains/view/DSM 446,/taxonomy?level=species&item=Alicyclobacillus acidocaldarius,"['/medium/402?strain=289', '/medium/J101']","['https://www.dsmz.de/collection/catalogue/details/culture/DSM-446', 'https://bacdive.dsmz.de/strain/416']"
Bacterium,Alicyclobacillus acidocaldarius subsp. acidocaldarius DSM 448,/strains/view/DSM 448,/taxonomy?level=species&item=Alicyclobacillus acidocaldarius subsp. acidocaldarius,['/medium/402?strain=290'],"['https://www.dsmz.de/collection/catalogue/details/culture/DSM-448', 'https://bacdive.dsmz.de/strain/417']"
Bacterium,Alicyclobacillus acidocaldarius subsp. acidocaldarius DSM 449,/strains/view/DSM 449,/taxonomy?level=species&item=Alicyclobacillus acidocaldarius subsp. acidocaldarius,['/medium/402?strain=291'],"['https://www.dsmz.de/collection/catalogue/details/culture/DSM-449', 'https://bacdive.dsmz.de/strain/418']"
Bacterium,Alicyclobacillus acidocaldarius subsp. acidocaldarius DSM 451,/strains/view/DSM 451,/taxonomy?level=species&item=Alicyclobacillus acidocaldarius subsp. acidocaldarius,['/medium/402?strain=292'],"['https://www.dsmz.de/collection/catalogue/details/culture/DSM-451', 'https://bacdive.dsmz.de/strain/419']"
Bacterium,Alicyclobacillus acidocaldarius subsp. acidocaldarius DSM 452,/strains/view/DSM 452,/taxonomy?level=species&item=Alicyclobacillus acidocaldarius subsp. acidocaldarius,['/medium/402?strain=293'],"['https://www.dsmz.de/collection/catalogue/details/culture/DSM-452', 'https://bacdive.dsmz.de/strain/420']"
Bacterium,Alicyclobacillus acidocaldarius subsp. acidocaldarius DSM 453,/strains/view/DSM 453,/taxonomy?level=species&item=Alicyclobacillus acidocaldarius subsp. acidocaldarius,"['/medium/402?strain=294', '/medium/J101']","['https://www.dsmz.de/collection/catalogue/details/culture/DSM-453', 'https://bacdive.dsmz.de/strain/421']"
Bacterium,Alicyclobacillus acidocaldarius subsp. acidocaldarius DSM 454,/strains/view/DSM 454,/taxonomy?level=species&item=Alicyclobacillus acidocaldarius subsp. acidocaldarius,['/medium/402?strain=295'],"['https://www.dsmz.de/collection/catalogue/details/culture/DSM-454', 'https://bacdive.dsmz.de/strain/422']"
Bacterium,Alicyclobacillus acidocaldarius subsp. acidocaldarius DSM 455,/strains/view/DSM 455,/taxonomy?level=species&item=Alicyclobacillus acidocaldarius subsp. acidocaldarius,['/medium/402?strain=296'],"['https://www.dsmz.de/collection/catalogue/details/culture/DSM-455', 'https://bacdive.dsmz.de/strain/423']"
Bacterium,Geobacillus stearothermophilus DSM 456,/strains/view/DSM 456,/taxonomy?level=species&item=Geobacillus stearothermophilus,['/medium/1'],"['https://www.dsmz.de/collection/catalogue/details/culture/DSM-456', 'https://bacdive.dsmz.de/strain/1411']"
Bacterium,Geobacillus stearothermophilus DSM 457,/strains/view/DSM 457,/taxonomy?level=species&item=Geobacillus stearothermophilus,['/medium/1'],"['https://www.dsmz.de/collection/catalogue/details/culture/DSM-457', 'https://bacdive.dsmz.de/strain/1412']"
Bacterium,Geobacillus stearothermophilus DSM 458,/strains/view/DSM 458,/taxonomy?level=species&item=Geobacillus stearothermophilus,['/medium/1'],"['https://www.dsmz.de/collection/catalogue/details/culture/DSM-458', 'https://bacdive.dsmz.de/strain/1413']"
Bacterium,Bacillus smithii DSM 459,/strains/view/DSM 459,/taxonomy?level=species&item=Bacillus smithii,['/medium/1'],"['https://www.dsmz.de/collection/catalogue/details/culture/DSM-459', 'https://bacdive.dsmz.de/strain/810']"
Bacterium,Bacillus smithii DSM 460,/strains/view/DSM 460,/taxonomy?level=species&item=Bacillus smithii,['/medium/1'],"['https://www.dsmz.de/collection/catalogue/details/culture/DSM-460', 'https://bacdive.dsmz.de/strain/811']"
Bacterium,Lysinibacillus sphaericus DSM 461,/strains/view/DSM 461,/taxonomy?level=species&item=Lysinibacillus sphaericus,['/medium/1'],"['https://www.dsmz.de/collection/catalogue/details/culture/DSM-461', 'https://bacdive.dsmz.de/strain/1523']"
Bacterium,Lysinibacillus sphaericus DSM 462,/strains/view/DSM 462,/taxonomy?level=species&item=Lysinibacillus sphaericus,['/medium/1'],"['https://www.dsmz.de/collection/catalogue/details/culture/DSM-462', 'https://bacdive.dsmz.de/strain/1524']"
Bacterium,Lysinibacillus sphaericus DSM 463,/strains/view/DSM 463,/taxonomy?level=species&item=Lysinibacillus sphaericus,['/medium/1'],"['https://www.dsmz.de/collection/catalogue/details/culture/DSM-463', 'https://bacdive.dsmz.de/strain/1525']"
Bacterium,Geobacillus thermodenitrificans subsp. thermodenitrificans DSM 465,/strains/view/DSM 465,/taxonomy?level=species&item=Geobacillus thermodenitrificans,['/medium/1'],"['https://www.dsmz.de/collection/catalogue/details/culture/DSM-465', 'https://bacdive.dsmz.de/strain/1424']"
Bacterium,Geobacillus thermodenitrificans subsp. thermodenitrificans DSM 466,/strains/view/DSM 466,/taxonomy?level=species&item=Geobacillus thermodenitrificans subsp. thermodenitrificans,['/medium/1'],"['https://www.dsmz.de/collection/catalogue/details/culture/DSM-466', 'https://bacdive.dsmz.de/strain/1425']"
Bacterium,Rhodospirillum rubrum DSM 467,/strains/view/DSM 467,/taxonomy?level=species&item=Rhodospirillum rubrum,['/medium/27'],"['https://www.dsmz.de/collection/catalogue/details/culture/DSM-467', 'https://bacdive.dsmz.de/strain/14005']"
Bacterium,Rhodospirillum rubrum DSM 468,/strains/view/DSM 468,/taxonomy?level=species&item=Rhodospirillum rubrum,['/medium/27'],"['https://www.dsmz.de/collection/catalogue/details/culture/DSM-468', 'https://bacdive.dsmz.de/strain/14006']"
Bacterium,Zymomonas mobilis DSM 473,/strains/view/DSM 473,/taxonomy?level=species&item=Zymomonas mobilis,['/medium/10?strain=309'],"['https://www.dsmz.de/collection/catalogue/details/culture/DSM-473', 'https://bacdive.dsmz.de/strain/14288']"
Bacterium,Bacillus sp. DSM 474,/strains/view/DSM 474,/taxonomy?level=species&item=Bacillus sp.,['/medium/1'],"['https://www.dsmz.de/collection/catalogue/details/culture/DSM-474', 'https://bacdive.dsmz.de/strain/816']"
Bacterium,Bacillus sp. DSM 475,/strains/view/DSM 475,/taxonomy?level=species&item=Bacillus sp.,['/medium/1'],"['https://www.dsmz.de/collection/catalogue/details/culture/DSM-475', 'https://bacdive.dsmz.de/strain/817']"
Bacterium,Bacillus sp. DSM 476,/strains/view/DSM 476,/taxonomy?level=species&item=Bacillus sp.,['/medium/1'],"['https://www.dsmz.de/collection/catalogue/details/culture/DSM-476', 'https://bacdive.dsmz.de/strain/818']"
Bacterium,Bacillus sp. DSM 477,/strains/view/DSM 477,/taxonomy?level=species&item=Bacillus sp.,['/medium/1'],"['https://www.dsmz.de/collection/catalogue/details/culture/DSM-477', 'https://bacdive.dsmz.de/strain/819']"
Bacterium,Bacillus sp. DSM 478,/strains/view/DSM 478,/taxonomy?level=species&item=Bacillus sp.,['/medium/1'],"['https://www.dsmz.de/collection/catalogue/details/culture/DSM-478', 'https://bacdive.dsmz.de/strain/820']"
Bacterium,Bacillus sp. DSM 479,/strains/view/DSM 479,/taxonomy?level=species&item=Bacillus sp.,['/medium/1'],"['https://www.dsmz.de/collection/catalogue/details/culture/DSM-479', 'https://bacdive.dsmz.de/strain/821']"
Bacterium,Bacillus sp. DSM 480,/strains/view/DSM 480,/taxonomy?level=species&item=Bacillus sp.,['/medium/1'],"['https://www.dsmz.de/collection/catalogue/details/culture/DSM-480', 'https://bacdive.dsmz.de/strain/822']"
Bacterium,Bacillus sp. DSM 481,/strains/view/DSM 481,/taxonomy?level=species&item=Bacillus sp.,['/medium/1'],"['https://www.dsmz.de/collection/catalogue/details/culture/DSM-481', 'https://bacdive.dsmz.de/strain/823']"
Bacterium,Bacillus sp. DSM 482,/strains/view/DSM 482,/taxonomy?level=species&item=Bacillus sp.,['/medium/1'],"['https://www.dsmz.de/collection/catalogue/details/culture/DSM-482', 'https://bacdive.dsmz.de/strain/829']"
Bacterium,Caryophanon latum DSM 484,/strains/view/DSM 484,/taxonomy?level=species&item=Caryophanon latum,['/medium/34'],"['https://www.dsmz.de/collection/catalogue/details/culture/DSM-484', 'https://bacdive.dsmz.de/strain/2288']"
Bacterium,Alkalihalobacillus alcalophilus DSM 485,/strains/view/DSM 485,/taxonomy?level=species&item=Alkalihalobacillus alcalophilus,"['/medium/31', '/medium/J100']","['https://www.dsmz.de/collection/catalogue/details/culture/DSM-485', 'https://bacdive.dsmz.de/strain/572']"
Bacterium,Bacillus cereus DSM 487,/strains/view/DSM 487,/taxonomy?level=species&item=Bacillus cereus,['/medium/1'],"['https://www.dsmz.de/collection/catalogue/details/culture/DSM-487', 'https://bacdive.dsmz.de/strain/608']"
Bacterium,Lysinibacillus sphaericus DSM 488,/strains/view/DSM 488,/taxonomy?level=species&item=Lysinibacillus sphaericus,['/medium/1'],"['https://www.dsmz.de/collection/catalogue/details/culture/DSM-488', 'https://bacdive.dsmz.de/strain/1527']"
Bacterium,Paenibacillus macquariensis subsp. macquariensis DSM 489,/strains/view/DSM 489,/taxonomy?level=species&item=Paenibacillus macquariensis subsp. macquariensis,['/medium/1'],"['https://www.dsmz.de/collection/catalogue/details/culture/DSM-489', 'https://bacdive.dsmz.de/strain/11476']"
Bacterium,Virgibacillus pantothenticus DSM 490,/strains/view/DSM 490,/taxonomy?level=species&item=Virgibacillus pantothenticus,['/medium/1'],"['https://www.dsmz.de/collection/catalogue/details/culture/DSM-490', 'https://bacdive.dsmz.de/strain/1470']"
Bacterium,Virgibacillus pantothenticus DSM 491,/strains/view/DSM 491,/taxonomy?level=species&item=Virgibacillus pantothenticus,['/medium/1'],"['https://www.dsmz.de/collection/catalogue/details/culture/DSM-491', 'https://bacdive.dsmz.de/strain/1471']"
Bacterium,Bacillus pumilus DSM 492,/strains/view/DSM 492,/taxonomy?level=species&item=Bacillus pumilus,['/medium/1'],"['https://www.dsmz.de/collection/catalogue/details/culture/DSM-492', 'https://bacdive.dsmz.de/strain/752']"
Bacterium,Lysinibacillus fusiformis DSM 493,/strains/view/DSM 493,/taxonomy?level=species&item=Lysinibacillus fusiformis,['/medium/1'],"['https://www.dsmz.de/collection/catalogue/details/culture/DSM-493', 'https://bacdive.dsmz.de/strain/1520']"
Bacterium,Geobacillus stearothermophilus DSM 494,/strains/view/DSM 494,/taxonomy?level=species&item=Geobacillus stearothermophilus,"['/medium/1', '/medium/428']","['https://www.dsmz.de/collection/catalogue/details/culture/DSM-494', 'https://bacdive.dsmz.de/strain/1414']"
Bacterium,Desulfovibrio sp. DSM 496,/strains/view/DSM 496,/taxonomy?level=species&item=Desulfovibrio sp.,['/medium/63'],"['https://www.dsmz.de/collection/catalogue/details/culture/DSM-496', 'https://bacdive.dsmz.de/strain/4085']"
Bacterium,Halalkalibacterium halodurans DSM 497,/strains/view/DSM 497,/taxonomy?level=species&item=Halalkalibacterium halodurans,['/medium/31'],"['https://www.dsmz.de/collection/catalogue/details/culture/DSM-497', 'https://bacdive.dsmz.de/strain/1112']"
Bacterium,Escherichia coli DSM 498,/strains/view/DSM 498,/taxonomy?level=species&item=Escherichia coli,['/medium/1'],"['https://www.dsmz.de/collection/catalogue/details/culture/DSM-498', 'https://bacdive.dsmz.de/strain/4414']"
Bacterium,Escherichia coli DSM 499,/strains/view/DSM 499,/taxonomy?level=species&item=Escherichia coli,"['/medium/1', '/medium/381']","['https://www.dsmz.de/collection/catalogue/details/culture/DSM-499', 'https://bacdive.dsmz.de/strain/4415']"
Bacterium,Escherichia coli DSM 500,/strains/view/DSM 500,/taxonomy?level=species&item=Escherichia coli,['/medium/1'],"['https://www.dsmz.de/collection/catalogue/details/culture/DSM-500', 'https://bacdive.dsmz.de/strain/4416']"
Bacterium,Escherichia coli DSM 501,/strains/view/DSM 501,/taxonomy?level=species&item=Escherichia coli,"['/medium/1', '/medium/381']","['https://www.dsmz.de/collection/catalogue/details/culture/DSM-501', 'https://bacdive.dsmz.de/strain/4417']"
Bacterium,Escherichia coli DSM 502,/strains/view/DSM 502,/taxonomy?level=species&item=Escherichia coli,['/medium/1'],"['https://www.dsmz.de/collection/catalogue/details/culture/DSM-502', 'https://bacdive.dsmz.de/strain/4418']"
Bacterium,Acidithiobacillus thiooxidans DSM 504,/strains/view/DSM 504,/taxonomy?level=species&item=Acidithiobacillus thiooxidans,"['/medium/35', '/medium/J93']","['https://www.dsmz.de/collection/catalogue/details/culture/DSM-504', 'https://bacdive.dsmz.de/strain/121']"
Bacterium,Thiobacillus thioparus DSM 505,/strains/view/DSM 505,/taxonomy?level=species&item=Thiobacillus thioparus,"['/medium/36', '/medium/J89']","['https://www.dsmz.de/collection/catalogue/details/culture/DSM-505', 'https://bacdive.dsmz.de/strain/6145']"
Bacterium,Starkeya novella DSM 506,/strains/view/DSM 506,/taxonomy?level=species&item=Starkeya novella,"['/medium/69', '/medium/535', '/medium/J74']","['https://www.dsmz.de/collection/catalogue/details/culture/DSM-506', 'https://bacdive.dsmz.de/strain/17415']"
Bacterium,Aliivibrio fischeri DSM 507,/strains/view/DSM 507,/taxonomy?level=species&item=Aliivibrio fischeri,"['/medium/514c', '/medium/J118']","['https://www.dsmz.de/collection/catalogue/details/culture/DSM-507', 'https://bacdive.dsmz.de/strain/17248']"
Bacterium,Bacillus cereus DSM 508,/strains/view/DSM 508,/taxonomy?level=species&item=Bacillus cereus,['/medium/1'],"['https://www.dsmz.de/collection/catalogue/details/culture/DSM-508', 'https://bacdive.dsmz.de/strain/609']"
Bacterium,Priestia megaterium DSM 509,/strains/view/DSM 509,/taxonomy?level=species&item=Priestia megaterium,['/medium/1'],"['https://www.dsmz.de/collection/catalogue/details/culture/DSM-509', 'https://bacdive.dsmz.de/strain/721']"
Bacterium,Priestia megaterium DSM 510,/strains/view/DSM 510,/taxonomy?level=species&item=Priestia megaterium,['/medium/1'],"['https://www.dsmz.de/collection/catalogue/details/culture/DSM-510', 'https://bacdive.dsmz.de/strain/722']"
Bacterium,Vitreoscilla stercoraria DSM 513,/strains/view/DSM 513,/taxonomy?level=species&item=Vitreoscilla stercoraria,['/medium/34?strain=343'],"['https://www.dsmz.de/collection/catalogue/details/culture/DSM-513', 'https://bacdive.dsmz.de/strain/10506']"
Bacterium,Cupriavidus necator DSM 515,/strains/view/DSM 515,/taxonomy?level=species&item=Cupriavidus necator,"['/medium/1', '/medium/81', '/medium/J27']","['https://www.dsmz.de/collection/catalogue/details/culture/DSM-515', 'https://bacdive.dsmz.de/strain/2010']"
Bacterium,Cupriavidus necator DSM 516,/strains/view/DSM 516,/taxonomy?level=species&item=Cupriavidus necator,"['/medium/1', '/medium/81']","['https://www.dsmz.de/collection/catalogue/details/culture/DSM-516', 'https://bacdive.dsmz.de/strain/2011']"
Bacterium,Cupriavidus necator DSM 517,/strains/view/DSM 517,/taxonomy?level=species&item=Cupriavidus necator,"['/medium/1', '/medium/81']","['https://www.dsmz.de/collection/catalogue/details/culture/DSM-517', 'https://bacdive.dsmz.de/strain/2012']"
Bacterium,Cupriavidus necator DSM 518,/strains/view/DSM 518,/taxonomy?level=species&item=Cupriavidus necator,"['/medium/1', '/medium/81']","['https://www.dsmz.de/collection/catalogue/details/culture/DSM-518', 'https://bacdive.dsmz.de/strain/2013']"
Bacterium,Acetoanaerobium sticklandii DSM 519,/strains/view/DSM 519,/taxonomy?level=species&item=Acetoanaerobium sticklandii,"['/medium/38', '/medium/J1130']","['https://www.dsmz.de/collection/catalogue/details/culture/DSM-519', 'https://bacdive.dsmz.de/strain/2717']"
Bacterium,Paenibacillus xerothermodurans DSM 520,/strains/view/DSM 520,/taxonomy?level=species&item=Paenibacillus xerothermodurans,['/medium/1484'],"['https://www.dsmz.de/collection/catalogue/details/culture/DSM-520', 'https://bacdive.dsmz.de/strain/830']"
Bacterium,Moorella thermoacetica DSM 521,/strains/view/DSM 521,/taxonomy?level=species&item=Moorella thermoacetica,"['/medium/60', '/medium/J221']","['https://www.dsmz.de/collection/catalogue/details/culture/DSM-521', 'https://bacdive.dsmz.de/strain/16811']"
Bacterium,Clostridium sp. DSM 523,/strains/view/DSM 523,/taxonomy?level=species&item=Clostridium sp.,['/medium/54b'],"['https://www.dsmz.de/collection/catalogue/details/culture/DSM-523', 'https://bacdive.dsmz.de/strain/2667']"
Bacterium,Clostridium pasteurianum DSM 525,/strains/view/DSM 525,/taxonomy?level=species&item=Clostridium pasteurianum,"['/medium/54b', '/medium/J13', '/medium/J14']","['https://www.dsmz.de/collection/catalogue/details/culture/DSM-525', 'https://bacdive.dsmz.de/strain/2626']"
Bacterium,Clostridium pasteurianum DSM 526,/strains/view/DSM 526,/taxonomy?level=species&item=Clostridium pasteurianum,['/medium/54b'],"['https://www.dsmz.de/collection/catalogue/details/culture/DSM-526', 'https://bacdive.dsmz.de/strain/2627']"
Bacterium,Chitinophaga filiformis DSM 527,/strains/view/DSM 527,/taxonomy?level=species&item=Chitinophaga filiformis,"['/medium/1550', '/medium/J12']","['https://www.dsmz.de/collection/catalogue/details/culture/DSM-527', 'https://bacdive.dsmz.de/strain/17744']"
Bacterium,Clostridium tetanomorphum DSM 528,/strains/view/DSM 528,/taxonomy?level=species&item=Clostridium tetanomorphum,['/medium/110'],"['https://www.dsmz.de/collection/catalogue/details/culture/DSM-528', 'https://bacdive.dsmz.de/strain/2725']"
Bacterium,Cupriavidus necator DSM 529,/strains/view/DSM 529,/taxonomy?level=species&item=Cupriavidus necator,"['/medium/1', '/medium/81']","['https://www.dsmz.de/collection/catalogue/details/culture/DSM-529', 'https://bacdive.dsmz.de/strain/1998']"
Bacterium,Cupriavidus necator DSM 530,/strains/view/DSM 530,/taxonomy?level=species&item=Cupriavidus necator,"['/medium/1', '/medium/81']","['https://www.dsmz.de/collection/catalogue/details/culture/DSM-530', 'https://bacdive.dsmz.de/strain/1999']"
Bacterium,Cupriavidus necator DSM 531,/strains/view/DSM 531,/taxonomy?level=species&item=Wautersia eutropha,"['/medium/1', '/medium/81', '/medium/J27']","['https://www.dsmz.de/collection/catalogue/details/culture/DSM-531', 'https://bacdive.dsmz.de/strain/2000']"
Bacterium,Pseudonocardia autotrophica DSM 535,/strains/view/DSM 535,/taxonomy?level=species&item=Pseudonocardia autotrophica,"['/medium/65', '/medium/535', '/medium/J57']","['https://www.dsmz.de/collection/catalogue/details/culture/DSM-535', 'https://bacdive.dsmz.de/strain/13324']"
Bacterium,Cupriavidus necator DSM 538,/strains/view/DSM 538,/taxonomy?level=species&item=Cupriavidus necator,"['/medium/1', '/medium/81']","['https://www.dsmz.de/collection/catalogue/details/culture/DSM-538', 'https://bacdive.dsmz.de/strain/2001']"
Bacterium,Cupriavidus necator DSM 539,/strains/view/DSM 539,/taxonomy?level=species&item=Cupriavidus necator,"['/medium/1', '/medium/81']","['https://www.dsmz.de/collection/catalogue/details/culture/DSM-539', 'https://bacdive.dsmz.de/strain/2002']"
Bacterium,Cupriavidus necator DSM 540,/strains/view/DSM 540,/taxonomy?level=species&item=Cupriavidus necator,"['/medium/1', '/medium/81']","['https://www.dsmz.de/collection/catalogue/details/culture/DSM-540', 'https://bacdive.dsmz.de/strain/2003']"
Bacterium,Cupriavidus necator DSM 541,/strains/view/DSM 541,/taxonomy?level=species&item=Cupriavidus necator,"['/medium/1', '/medium/81']","['https://www.dsmz.de/collection/catalogue/details/culture/DSM-541', 'https://bacdive.dsmz.de/strain/2004']"
Bacterium,Cupriavidus necator DSM 542,/strains/view/DSM 542,/taxonomy?level=species&item=Cupriavidus necator,"['/medium/1', '/medium/81']","['https://www.dsmz.de/collection/catalogue/details/culture/DSM-542', 'https://bacdive.dsmz.de/strain/2014']"
Bacterium,Cupriavidus necator DSM 543,/strains/view/DSM 543,/taxonomy?level=species&item=Cupriavidus necator,"['/medium/1', '/medium/81']","['https://www.dsmz.de/collection/catalogue/details/culture/DSM-543', 'https://bacdive.dsmz.de/strain/2015']"
Bacterium,Cupriavidus necator DSM 544,/strains/view/DSM 544,/taxonomy?level=species&item=Cupriavidus necator,"['/medium/1', '/medium/81']","['https://www.dsmz.de/collection/catalogue/details/culture/DSM-544', 'https://bacdive.dsmz.de/strain/2016']"
Bacterium,Cupriavidus necator DSM 545,/strains/view/DSM 545,/taxonomy?level=species&item=Cupriavidus necator,"['/medium/1', '/medium/81']","['https://www.dsmz.de/collection/catalogue/details/culture/DSM-545', 'https://bacdive.dsmz.de/strain/2017']"
Bacterium,Cupriavidus necator DSM 546,/strains/view/DSM 546,/taxonomy?level=species&item=Cupriavidus necator,"['/medium/1', '/medium/81']","['https://www.dsmz.de/collection/catalogue/details/culture/DSM-546', 'https://bacdive.dsmz.de/strain/2018']"
Bacterium,Cupriavidus necator DSM 547,/strains/view/DSM 547,/taxonomy?level=species&item=Cupriavidus necator,"['/medium/1', '/medium/81']","['https://www.dsmz.de/collection/catalogue/details/culture/DSM-547', 'https://bacdive.dsmz.de/strain/2019']"
Bacterium,Acidovorax facilis DSM 550,/strains/view/DSM 550,/taxonomy?level=species&item=Acidovorax facilis,"['/medium/1', '/medium/81']","['https://www.dsmz.de/collection/catalogue/details/culture/DSM-550', 'https://bacdive.dsmz.de/strain/2886']"
Bacterium,Cupriavidus necator DSM 551,/strains/view/DSM 551,/taxonomy?level=species&item=Cupriavidus necator,"['/medium/1', '/medium/81']","['https://www.dsmz.de/collection/catalogue/details/culture/DSM-551', 'https://bacdive.dsmz.de/strain/2020']"
Bacterium,Clostridium beijerinckii DSM 552,/strains/view/DSM 552,/taxonomy?level=species&item=Clostridium butyricum,"['/medium/48', '/medium/110']","['https://www.dsmz.de/collection/catalogue/details/culture/DSM-552', 'https://bacdive.dsmz.de/strain/2547']"
Bacterium,Salmonella enterica subsp. enterica DSM 554,/strains/view/DSM 554,/taxonomy?level=species&item=Salmonella enterica subsp. enterica,['/medium/1?strain=373'],"['https://www.dsmz.de/collection/catalogue/details/culture/DSM-554', 'https://bacdive.dsmz.de/strain/5103']"
Bacterium,Clostridium kluyveri DSM 555,/strains/view/DSM 555,/taxonomy?level=species&item=Clostridium kluyveri,['/medium/52'],"['https://www.dsmz.de/collection/catalogue/details/culture/DSM-555', 'https://bacdive.dsmz.de/strain/2606']"
Bacterium,Clostridium kluyveri DSM 556,/strains/view/DSM 556,/taxonomy?level=species&item=Clostridium kluyveri,['/medium/52'],"['https://www.dsmz.de/collection/catalogue/details/culture/DSM-556', 'https://bacdive.dsmz.de/strain/2607']"
Bacterium,Clostridium kluyveri DSM 557,/strains/view/DSM 557,/taxonomy?level=species&item=Clostridium kluyveri,['/medium/52'],"['https://www.dsmz.de/collection/catalogue/details/culture/DSM-557', 'https://bacdive.dsmz.de/strain/2608']"
Bacterium,Clostridium kluyveri DSM 562,/strains/view/DSM 562,/taxonomy?level=species&item=Clostridium kluyveri,['/medium/52'],"['https://www.dsmz.de/collection/catalogue/details/culture/DSM-562', 'https://bacdive.dsmz.de/strain/2609']"
Bacterium,Clostridium kluyveri DSM 563,/strains/view/DSM 563,/taxonomy?level=species&item=Clostridium kluyveri,['/medium/52'],"['https://www.dsmz.de/collection/catalogue/details/culture/DSM-563', 'https://bacdive.dsmz.de/strain/2610']"
Bacterium,Clostridium kluyveri DSM 564,/strains/view/DSM 564,/taxonomy?level=species&item=Clostridium kluyveri,['/medium/52'],"['https://www.dsmz.de/collection/catalogue/details/culture/DSM-564', 'https://bacdive.dsmz.de/strain/2611']"
Bacterium,Sphaerotilus montanus DSM 565,/strains/view/DSM 565,/taxonomy?level=species&item=Sphaerotilus montanus,['/medium/51'],"['https://www.dsmz.de/collection/catalogue/details/culture/DSM-565', 'https://bacdive.dsmz.de/strain/17939']"
Bacterium,Sphaerotilus hippei DSM 566,/strains/view/DSM 566,/taxonomy?level=species&item=Sphaerotilus hippei,['/medium/51'],"['https://www.dsmz.de/collection/catalogue/details/culture/DSM-566', 'https://bacdive.dsmz.de/strain/17941']"
Bacterium,Thermoanaerobacter thermohydrosulfuricus DSM 567,/strains/view/DSM 567,/taxonomy?level=species&item=Thermoanaerobacter thermohydrosulfuricus,['/medium/61'],"['https://www.dsmz.de/collection/catalogue/details/culture/DSM-567', 'https://bacdive.dsmz.de/strain/16824']"
Bacterium,Thermoanaerobacter sp. DSM 568,/strains/view/DSM 568,/taxonomy?level=species&item=Thermoanaerobacter thermohydrosulfuricus,['/medium/61'],"['https://www.dsmz.de/collection/catalogue/details/culture/DSM-568', 'https://bacdive.dsmz.de/strain/16825']"
Bacterium,Thermoanaerobacter thermohydrosulfuricus DSM 569,/strains/view/DSM 569,/taxonomy?level=species&item=Thermoanaerobacter thermohydrosulfuricus,['/medium/61'],"['https://www.dsmz.de/collection/catalogue/details/culture/DSM-569', 'https://bacdive.dsmz.de/strain/16826']"
Bacterium,Thermoanaerobacter thermohydrosulfuricus DSM 570,/strains/view/DSM 570,/taxonomy?level=species&item=Thermoanaerobacter thermohydrosulfuricus,['/medium/61'],"['https://www.dsmz.de/collection/catalogue/details/culture/DSM-570', 'https://bacdive.dsmz.de/strain/16827']"
Bacterium,Thermoanaerobacterium thermosaccharolyticum DSM 571,/strains/view/DSM 571,/taxonomy?level=species&item=Thermoanaerobacterium thermosaccharolyticum,['/medium/61'],"['https://www.dsmz.de/collection/catalogue/details/culture/DSM-571', 'https://bacdive.dsmz.de/strain/18044']"
Bacterium,Thermoanaerobacterium thermosaccharolyticum DSM 572,/strains/view/DSM 572,/taxonomy?level=species&item=Thermoanaerobacterium thermosaccharolyticum,['/medium/61'],"['https://www.dsmz.de/collection/catalogue/details/culture/DSM-572', 'https://bacdive.dsmz.de/strain/18045']"
Bacterium,Thermoanaerobacterium thermosaccharolyticum DSM 573,/strains/view/DSM 573,/taxonomy?level=species&item=Thermoanaerobacterium thermosaccharolyticum,['/medium/61'],"['https://www.dsmz.de/collection/catalogue/details/culture/DSM-573', 'https://bacdive.dsmz.de/strain/18046']"
Bacterium,Desulfotomaculum nigrificans DSM 574,/strains/view/DSM 574,/taxonomy?level=species&item=Desulfotomaculum nigrificans,['/medium/63'],"['https://www.dsmz.de/collection/catalogue/details/culture/DSM-574', 'https://bacdive.dsmz.de/strain/11792']"
Bacterium,Desulfotomaculum nigrificans DSM 575,/strains/view/DSM 575,/taxonomy?level=species&item=Desulfotomaculum nigrificans,['/medium/63'],"['https://www.dsmz.de/collection/catalogue/details/culture/DSM-575', 'https://bacdive.dsmz.de/strain/11793']"
Bacterium,Azotobacter vinelandii DSM 576,/strains/view/DSM 576,/taxonomy?level=species&item=Azotobacter vinelandii,"['/medium/3', '/medium/441']","['https://www.dsmz.de/collection/catalogue/details/culture/DSM-576', 'https://bacdive.dsmz.de/strain/12747']"
Bacterium,Bacillus sp. DSM 578,/strains/view/DSM 578,/taxonomy?level=species&item=Bacillus sp.,['/medium/73'],"['https://www.dsmz.de/collection/catalogue/details/culture/DSM-578', 'https://bacdive.dsmz.de/strain/833']"
Bacterium,Thermus thermophilus DSM 579,/strains/view/DSM 579,/taxonomy?level=species&item=Thermus thermophilus,"['/medium/74', '/medium/878', '/medium/J273']","['https://www.dsmz.de/collection/catalogue/details/culture/DSM-579', 'https://bacdive.dsmz.de/strain/16717']"
Bacterium,Halothiobacillus neapolitanus DSM 581,/strains/view/DSM 581,/taxonomy?level=species&item=Halothiobacillus neapolitanus,['/medium/68'],"['https://www.dsmz.de/collection/catalogue/details/culture/DSM-581', 'https://bacdive.dsmz.de/strain/6088']"
Bacterium,Paracoccus versutus DSM 582,/strains/view/DSM 582,/taxonomy?level=species&item=Paracoccus versutus,"['/medium/69', '/medium/J26', '/medium/220']","['https://www.dsmz.de/collection/catalogue/details/culture/DSM-582', 'https://bacdive.dsmz.de/strain/13705']"
Bacterium,Acidithiobacillus ferrooxidans DSM 583,/strains/view/DSM 583,/taxonomy?level=species&item=Acidithiobacillus ferrooxidans,"['/medium/70', '/medium/882?strain=396']","['https://www.dsmz.de/collection/catalogue/details/culture/DSM-583', 'https://bacdive.dsmz.de/strain/111']"
Bacterium,Acidithiobacillus ferrooxidans DSM 584,/strains/view/DSM 584,/taxonomy?level=species&item=Acidithiobacillus ferrooxidans,['/medium/71'],"['https://www.dsmz.de/collection/catalogue/details/culture/DSM-584', 'https://bacdive.dsmz.de/strain/112']"
Bacterium,Acidithiobacillus ferrooxidans DSM 585,/strains/view/DSM 585,/taxonomy?level=species&item=Acidithiobacillus ferrooxidans,['/medium/71?strain=398'],"['https://www.dsmz.de/collection/catalogue/details/culture/DSM-585', 'https://bacdive.dsmz.de/strain/113']"
Bacterium,Acinetobacter sp. DSM 586,/strains/view/DSM 586,/taxonomy?level=species&item=Acinetobacter sp.,['/medium/1'],"['https://www.dsmz.de/collection/catalogue/details/culture/DSM-586', 'https://bacdive.dsmz.de/strain/8067']"
Bacterium,Acinetobacter sp. DSM 587,/strains/view/DSM 587,/taxonomy?level=species&item=Acinetobacter sp.,['/medium/75'],"['https://www.dsmz.de/collection/catalogue/details/culture/DSM-587', 'https://bacdive.dsmz.de/strain/8068']"
Bacterium,Acinetobacter sp. DSM 588,/strains/view/DSM 588,/taxonomy?level=species&item=Acinetobacter sp.,"['/medium/75', '/medium/220']","['https://www.dsmz.de/collection/catalogue/details/culture/DSM-588', 'https://bacdive.dsmz.de/strain/8069']"
Bacterium,Herpetosiphon giganteus DSM 589,/strains/view/DSM 589,/taxonomy?level=species&item=Herpetosiphon giganteus,['/medium/67'],"['https://www.dsmz.de/collection/catalogue/details/culture/DSM-589', 'https://bacdive.dsmz.de/strain/6128']"
